timestamp,url,strategy,performance_score,fcp_ms,lcp_ms,cls,tbt_ms,speed_index_ms,tti_ms,field_fcp_ms,field_lcp_ms,field_cls,field_inp_ms,field_ttfb_ms,status
20260901T041815Z,https://wewine.vn/,mobile,,,,,,,,,,,,,"error: HTTP 500: {
  ""error"": {
    ""code"": 500,
    ""message"": ""Lighthouse returned error: Something went wrong."",
    ""errors"": [
      {
        ""message"": ""Lighthouse returned error: Something went wrong."",
        ""domain"": ""lighthouse"",
        ""reason"": ""lighthouseError""
      }
    ]
  }
}
"
20260901T041815Z,https://wewine.vn/,desktop,53,482,6143,0.02120697798098532,317,5593,6171,2315,2631,0,80,1835,ok
20260901T041815Z,https://wewine.vn/cac-vung-ruou-vang-phap-noi-tieng-nhat/,mobile,66,2102,3225,0,640,9009,18433,2746,3253,0,217,1943,ok
20260901T041815Z,https://wewine.vn/cac-vung-ruou-vang-phap-noi-tieng-nhat/,desktop,91,522,931,0.02158479008879841,125,2727,3611,2564,2942,3,89,2107,ok
20260901T041815Z,https://wewine.vn/quoc-gia/phap/,mobile,58,2262,5412,0.0002056679090944417,436,10253,24313,2746,3253,0,217,1943,ok
20260901T041815Z,https://wewine.vn/quoc-gia/phap/,desktop,41,888,5377,0.0016600811644485304,787,3456,5503,2564,2942,3,89,2107,ok
20260901T041815Z,https://wewine.vn/michele-chiarlo-montemareto-nizza/,mobile,36,2102,29628,0.0007713999853894982,4172,7713,29771,2746,3253,0,217,1943,ok
20260901T041815Z,https://wewine.vn/michele-chiarlo-montemareto-nizza/,desktop,44,446,3943,0.004818495766259185,793,3441,4131,2564,2942,3,89,2107,ok
20260901T095120Z,https://wewine.vn/,mobile,47,2252,13032,0.1349455140529719,430,20592,22594,2337,2850,11,169,1568,ok
20260901T095120Z,https://wewine.vn/,desktop,,,,,,,,,,,,,"error: HTTP 500: {
  ""error"": {
    ""code"": 500,
    ""message"": ""Lighthouse returned error: Something went wrong."",
    ""errors"": [
      {
        ""message"": ""Lighthouse returned error: Something went wrong."",
        ""domain"": ""lighthouse"",
        ""reason"": ""lighthouseError""
      }
    ]
  }
}
"
20260901T095120Z,https://wewine.vn/cac-vung-ruou-vang-phap-noi-tieng-nhat/,mobile,64,2252,3460,0.02460708544050605,588,10894,19183,2746,3253,0,217,1943,ok
20260901T095120Z,https://wewine.vn/cac-vung-ruou-vang-phap-noi-tieng-nhat/,desktop,90,482,918,0.021425906736129346,145,2685,3643,2564,2942,3,89,2107,ok
20260901T095120Z,https://wewine.vn/quoc-gia/phap/,mobile,61,3004,4654,0.0002056679090944417,337,11097,23820,2746,3253,0,217,1943,ok
20260901T095120Z,https://wewine.vn/quoc-gia/phap/,desktop,33,869,6651,0.1145257176698801,1747,3578,6749,2564,2942,3,89,2107,ok
20260901T095120Z,https://wewine.vn/michele-chiarlo-montemareto-nizza/,mobile,49,2102,22278,0.0005657320762950565,594,11224,23124,2746,3253,0,217,1943,ok
20260901T095120Z,https://wewine.vn/michele-chiarlo-montemareto-nizza/,desktop,47,442,4043,0.0014295500977731083,577,3408,4363,2564,2942,3,89,2107,ok
20260901T143914Z,https://wewine.vn/,mobile,51,2252,9947,0.2189523449176159,123,14753,21726,2337,2850,11,169,1568,ok
20260901T143914Z,https://wewine.vn/,desktop,56,442,4843,0.021207209909377463,285,5958,5417,2315,2631,0,80,1835,ok
20260901T143914Z,https://wewine.vn/cac-vung-ruou-vang-phap-noi-tieng-nhat/,mobile,74,2252,3445,0.02460708544050605,399,6225,19486,2746,3253,0,217,1943,ok
20260901T143914Z,https://wewine.vn/cac-vung-ruou-vang-phap-noi-tieng-nhat/,desktop,86,442,732,0.021426043955943726,226,2545,3334,2564,2942,3,89,2107,ok
20260901T143914Z,https://wewine.vn/quoc-gia/phap/,mobile,65,2256,5481,0.0002056679090944417,264,7787,22861,2746,3253,0,217,1943,ok
20260901T143914Z,https://wewine.vn/quoc-gia/phap/,desktop,38,1006,7461,0.0016779442285816517,834,3537,7574,2564,2942,3,89,2107,ok
20260901T143914Z,https://wewine.vn/michele-chiarlo-montemareto-nizza/,mobile,21,2102,28503,0.4327348441057462,1403,7344,28713,2746,3253,0,217,1943,ok
20260901T143914Z,https://wewine.vn/michele-chiarlo-montemareto-nizza/,desktop,,,,,,,,,,,,,"error: HTTP 500: {
  ""error"": {
    ""code"": 500,
    ""message"": ""Lighthouse returned error: Something went wrong."",
    ""errors"": [
      {
        ""message"": ""Lighthouse returned error: Something went wrong."",
        ""domain"": ""lighthouse"",
        ""reason"": ""lighthouseError""
      }
    ]
  }
}
"
20260901T181703Z,https://wewine.vn/,mobile,30,2252,16353,0.13547859819152286,2093,15450,22253,2337,2850,11,169,1568,ok
20260901T181703Z,https://wewine.vn/,desktop,42,442,4743,0.019259690135860843,674,7030,5156,2315,2631,0,80,1835,ok
20260901T181703Z,https://wewine.vn/cac-vung-ruou-vang-phap-noi-tieng-nhat/,mobile,67,2102,3197,0.02460708544050605,668,8132,18683,2746,3253,0,217,1943,ok
20260901T181703Z,https://wewine.vn/cac-vung-ruou-vang-phap-noi-tieng-nhat/,desktop,86,482,875,0.021426043955943726,237,2338,3967,2564,2942,3,89,2107,ok
20260901T181703Z,https://wewine.vn/quoc-gia/phap/,mobile,48,2824,12969,0.0002056679090944417,515,11462,24454,2746,3253,0,217,1943,ok
20260901T181703Z,https://wewine.vn/quoc-gia/phap/,desktop,52,1057,4703,0.0009579612118028193,351,3969,5306,2564,2942,3,89,2107,ok
20260901T181703Z,https://wewine.vn/michele-chiarlo-montemareto-nizza/,mobile,62,2102,13120,0.0009055289518350399,136,12879,18082,2746,3253,0,217,1943,ok
20260901T181703Z,https://wewine.vn/michele-chiarlo-montemareto-nizza/,desktop,42,449,5623,0.0014293413084084875,791,3172,5641,2564,2942,3,89,2107,ok
20260901T214053Z,https://wewine.vn/,mobile,,,,,,,,,,,,,"error: HTTP 500: {
  ""error"": {
    ""code"": 500,
    ""message"": ""Lighthouse returned error: Something went wrong."",
    ""errors"": [
      {
        ""message"": ""Lighthouse returned error: Something went wrong."",
        ""domain"": ""lighthouse"",
        ""reason"": ""lighthouseError""
      }
    ]
  }
}
"
20260901T214053Z,https://wewine.vn/,desktop,53,482,7183,0.02121029675523338,311,4926,7189,2315,2631,0,80,1835,ok
20260901T214053Z,https://wewine.vn/cac-vung-ruou-vang-phap-noi-tieng-nhat/,mobile,,,,,,,,,,,,,"error: HTTP 500: {
  ""error"": {
    ""code"": 500,
    ""message"": ""Lighthouse returned error: Something went wrong."",
    ""errors"": [
      {
        ""message"": ""Lighthouse returned error: Something went wrong."",
        ""domain"": ""lighthouse"",
        ""reason"": ""lighthouseError""
      }
    ]
  }
}
"
20260901T214053Z,https://wewine.vn/cac-vung-ruou-vang-phap-noi-tieng-nhat/,desktop,80,482,881,0.0219044643730117,337,2375,4034,2564,2942,3,89,2107,ok
20260901T214053Z,https://wewine.vn/quoc-gia/phap/,mobile,37,2618,7943,0.0002056679090944417,1444,10134,25866,2746,3253,0,217,1943,ok
20260901T214053Z,https://wewine.vn/quoc-gia/phap/,desktop,55,1206,5442,0.0017799207600035023,250,4761,5477,2564,2942,3,89,2107,ok
20260901T214053Z,https://wewine.vn/michele-chiarlo-montemareto-nizza/,mobile,52,2102,12891,0.0007713999853894982,454,10952,21695,2746,3253,0,217,1943,ok
20260901T214053Z,https://wewine.vn/michele-chiarlo-montemareto-nizza/,desktop,50,442,3583,0.004818495766259185,749,2192,4177,2564,2942,3,89,2107,ok
20260901T235424Z,https://wewine.vn/,mobile,37,2102,18078,0.13547859819152286,975,12509,22493,2337,2850,11,169,1568,ok
20260901T235424Z,https://wewine.vn/,desktop,36,442,5623,0.0191061378163033,2849,5397,6948,2315,2631,0,80,1835,ok
20260901T235424Z,https://wewine.vn/cac-vung-ruou-vang-phap-noi-tieng-nhat/,mobile,69,2252,3466,0.02460708544050605,443,9316,19262,2746,3253,0,217,1943,ok
20260901T235424Z,https://wewine.vn/cac-vung-ruou-vang-phap-noi-tieng-nhat/,desktop,73,482,934,0.022197335983787182,470,2393,3667,2564,2942,3,89,2107,ok
20260901T235424Z,https://wewine.vn/quoc-gia/phap/,mobile,46,2582,5657,0.0002056679090944417,1186,6472,25369,2746,3253,0,217,1943,ok
20260901T235424Z,https://wewine.vn/quoc-gia/phap/,desktop,60,1069,3818,0.0017799207600035023,290,2697,5028,2564,2942,3,89,2107,ok
20260901T235424Z,https://wewine.vn/michele-chiarlo-montemareto-nizza/,mobile,49,2252,22203,0.0007713999853894982,586,10406,23085,2746,3253,0,217,1943,ok
20260901T235424Z,https://wewine.vn/michele-chiarlo-montemareto-nizza/,desktop,45,477,4063,0.0014295500977731083,683,3756,4199,2564,2942,3,89,2107,ok
20260902T034051Z,https://wewine.vn/,mobile,48,2102,20853,0.1676176601158617,332,15085,23065,2337,2850,11,169,1568,ok
20260902T034051Z,https://wewine.vn/,desktop,38,472,5584,0.021221509339884162,1003,4376,5594,2315,2631,0,80,1835,ok
20260902T034051Z,https://wewine.vn/cac-vung-ruou-vang-phap-noi-tieng-nhat/,mobile,60,2252,3598,0.02460708544050605,866,8341,19746,2746,3253,0,217,1943,ok
20260902T034051Z,https://wewine.vn/cac-vung-ruou-vang-phap-noi-tieng-nhat/,desktop,68,477,562,0.022364846317688737,660,2665,3594,2564,2942,3,89,2107,ok
20260902T034051Z,https://wewine.vn/quoc-gia/phap/,mobile,62,2266,6932,0.0002056679090944417,203,9856,23730,2746,3253,0,217,1943,ok
20260902T034051Z,https://wewine.vn/quoc-gia/phap/,desktop,66,880,4951,0.0016599439446341535,159,2759,5012,2564,2942,3,89,2107,ok
20260902T034051Z,https://wewine.vn/michele-chiarlo-montemareto-nizza/,mobile,54,2252,13825,0.0009055289518350399,368,11631,21991,2746,3253,0,217,1943,ok
20260902T034051Z,https://wewine.vn/michele-chiarlo-montemareto-nizza/,desktop,48,452,3071,0.006913951989847737,863,3049,4495,2564,2942,3,89,2107,ok
20260902T083659Z,https://wewine.vn/,mobile,42,2102,11494,0.16761403488154436,555,12932,22937,2337,2850,11,169,1568,ok
20260902T083659Z,https://wewine.vn/,desktop,40,512,6184,0.021207209909377463,738,4637,6230,2315,2631,0,80,1835,ok
20260902T083659Z,https://wewine.vn/cac-vung-ruou-vang-phap-noi-tieng-nhat/,mobile,,,,,,,,,,,,,"error: HTTP 500: {
  ""error"": {
    ""code"": 500,
    ""message"": ""Lighthouse returned error: Something went wrong."",
    ""errors"": [
      {
        ""message"": ""Lighthouse returned error: Something went wrong."",
        ""domain"": ""lighthouse"",
        ""reason"": ""lighthouseError""
      }
    ]
  }
}
"
20260902T083659Z,https://wewine.vn/cac-vung-ruou-vang-phap-noi-tieng-nhat/,desktop,,,,,,,,,,,,,"error: HTTP 500: {
  ""error"": {
    ""code"": 500,
    ""message"": ""Lighthouse returned error: Something went wrong."",
    ""errors"": [
      {
        ""message"": ""Lighthouse returned error: Something went wrong."",
        ""domain"": ""lighthouse"",
        ""reason"": ""lighthouseError""
      }
    ]
  }
}
"
20260902T083659Z,https://wewine.vn/quoc-gia/phap/,mobile,52,3000,12561,0.0002056679090944417,371,11719,24830,2746,3253,0,217,1943,ok
20260902T083659Z,https://wewine.vn/quoc-gia/phap/,desktop,,,,,,,,,,,,,"error: HTTP 500: {
  ""error"": {
    ""code"": 500,
    ""message"": ""Lighthouse returned error: Something went wrong."",
    ""errors"": [
      {
        ""message"": ""Lighthouse returned error: Something went wrong."",
        ""domain"": ""lighthouse"",
        ""reason"": ""lighthouseError""
      }
    ]
  }
}
"
20260902T083659Z,https://wewine.vn/michele-chiarlo-montemareto-nizza/,mobile,,,,,,,,,,,,,"error: HTTP 500: {
  ""error"": {
    ""code"": 500,
    ""message"": ""Lighthouse returned error: Something went wrong."",
    ""errors"": [
      {
        ""message"": ""Lighthouse returned error: Something went wrong."",
        ""domain"": ""lighthouse"",
        ""reason"": ""lighthouseError""
      }
    ]
  }
}
"
20260902T083659Z,https://wewine.vn/michele-chiarlo-montemareto-nizza/,desktop,75,482,2790,0.001118020058080145,86,4954,3601,2564,2942,3,89,2107,ok
20260902T132605Z,https://wewine.vn/,mobile,21,2102,31803,0.2619980526745854,2897,20228,31848,2331,2836,12,169,1564,ok
20260902T132605Z,https://wewine.vn/,desktop,37,466,6449,0.019919581855791964,988,7033,6453,2327,2641,0,80,1845,ok
20260902T132605Z,https://wewine.vn/cac-vung-ruou-vang-phap-noi-tieng-nhat/,mobile,67,2253,3538,0.02460708544050605,535,7503,19181,2742,3253,0,218,1949,ok
20260902T132605Z,https://wewine.vn/cac-vung-ruou-vang-phap-noi-tieng-nhat/,desktop,62,453,582,0.021106232451916056,1391,3839,4228,2574,2948,3,89,2112,ok
20260902T132605Z,https://wewine.vn/quoc-gia/phap/,mobile,42,2824,6649,0.0002056679090944417,937,11518,24712,2742,3253,0,218,1949,ok
20260902T132605Z,https://wewine.vn/quoc-gia/phap/,desktop,,,,,,,,,,,,,error: After 3 retries: The read operation timed out
20260902T132605Z,https://wewine.vn/michele-chiarlo-montemareto-nizza/,mobile,44,2102,21378,0.0007713999853894982,877,8839,22947,2742,3253,0,218,1949,ok
20260902T132605Z,https://wewine.vn/michele-chiarlo-montemareto-nizza/,desktop,,,,,,,,,,,,,"error: HTTP 500: {
  ""error"": {
    ""code"": 500,
    ""message"": ""Lighthouse returned error: Something went wrong."",
    ""errors"": [
      {
        ""message"": ""Lighthouse returned error: Something went wrong."",
        ""domain"": ""lighthouse"",
        ""reason"": ""lighthouseError""
      }
    ]
  }
}
"
20260902T174525Z,https://wewine.vn/,mobile,26,2102,32253,0.2626398938426575,1208,19220,32343,2331,2836,12,169,1564,ok
20260902T174525Z,https://wewine.vn/,desktop,46,482,8083,0.020954905674488516,453,5747,8131,2327,2641,0,80,1845,ok
20260902T174525Z,https://wewine.vn/cac-vung-ruou-vang-phap-noi-tieng-nhat/,mobile,63,2102,2477,0,1208,8560,19198,2742,3253,0,218,1949,ok
20260902T174525Z,https://wewine.vn/cac-vung-ruou-vang-phap-noi-tieng-nhat/,desktop,91,522,928,0.021426351354337084,100,2982,2923,2574,2948,3,89,2112,ok
20260902T174525Z,https://wewine.vn/quoc-gia/phap/,mobile,61,2264,5489,0.0002056679090944417,410,6962,24415,2742,3253,0,218,1949,ok
20260902T174525Z,https://wewine.vn/quoc-gia/phap/,desktop,58,855,2218,0.0009579612118028193,586,2598,4901,2574,2948,3,89,2112,ok
20260902T174525Z,https://wewine.vn/michele-chiarlo-montemareto-nizza/,mobile,,,,,,,,,,,,,"error: HTTP 500: {
  ""error"": {
    ""code"": 500,
    ""message"": ""Lighthouse returned error: Something went wrong."",
    ""errors"": [
      {
        ""message"": ""Lighthouse returned error: Something went wrong."",
        ""domain"": ""lighthouse"",
        ""reason"": ""lighthouseError""
      }
    ]
  }
}
"
20260902T174525Z,https://wewine.vn/michele-chiarlo-montemareto-nizza/,desktop,45,450,3603,0.004818495766259185,942,3146,4218,2574,2948,3,89,2112,ok
20260902T204710Z,https://wewine.vn/,mobile,38,2102,20028,0.1352599389915875,838,14536,21294,2331,2836,12,169,1564,ok
20260902T204710Z,https://wewine.vn/,desktop,38,447,7123,0.02105456819309459,919,4829,7135,2327,2641,0,80,1845,ok
20260902T204710Z,https://wewine.vn/cac-vung-ruou-vang-phap-noi-tieng-nhat/,mobile,,,,,,,,,,,,,"error: HTTP 500: {
  ""error"": {
    ""code"": 500,
    ""message"": ""Lighthouse returned error: Something went wrong."",
    ""errors"": [
      {
        ""message"": ""Lighthouse returned error: Something went wrong."",
        ""domain"": ""lighthouse"",
        ""reason"": ""lighthouseError""
      }
    ]
  }
}
"
20260902T204710Z,https://wewine.vn/cac-vung-ruou-vang-phap-noi-tieng-nhat/,desktop,84,482,867,0.021425906736129346,227,3152,3962,2574,2948,3,89,2112,ok
20260902T204710Z,https://wewine.vn/quoc-gia/phap/,mobile,,,,,,,,,,,,,"error: HTTP 500: {
  ""error"": {
    ""code"": 500,
    ""message"": ""Lighthouse returned error: Something went wrong."",
    ""errors"": [
      {
        ""message"": ""Lighthouse returned error: Something went wrong."",
        ""domain"": ""lighthouse"",
        ""reason"": ""lighthouseError""
      }
    ]
  }
}
"
20260902T204710Z,https://wewine.vn/quoc-gia/phap/,desktop,66,801,4209,0.0016599439446341535,163,3301,4739,2574,2948,3,89,2112,ok
20260902T204710Z,https://wewine.vn/michele-chiarlo-montemareto-nizza/,mobile,43,2102,31278,0.0007713999853894982,921,9591,31436,2742,3253,0,218,1949,ok
20260902T204710Z,https://wewine.vn/michele-chiarlo-montemareto-nizza/,desktop,68,442,2857,0.0014293413084084875,254,2674,3811,2574,2948,3,89,2112,ok
20260902T230852Z,https://wewine.vn/,mobile,39,2102,20853,0.2189523449176159,524,15388,23327,2331,2836,12,169,1564,ok
20260902T230852Z,https://wewine.vn/,desktop,38,446,5943,0.02120697798098532,1127,4541,5949,2327,2641,0,80,1845,ok
20260902T230852Z,https://wewine.vn/cac-vung-ruou-vang-phap-noi-tieng-nhat/,mobile,64,2102,3220,0.02460708544050605,1159,5109,19219,2742,3253,0,218,1949,ok
20260902T230852Z,https://wewine.vn/cac-vung-ruou-vang-phap-noi-tieng-nhat/,desktop,65,445,802,0.021425906736129346,855,2875,3778,2574,2948,3,89,2112,ok
20260902T230852Z,https://wewine.vn/quoc-gia/phap/,mobile,56,2634,7959,0.0002056679090944417,299,10510,24030,2742,3253,0,218,1949,ok
20260902T230852Z,https://wewine.vn/quoc-gia/phap/,desktop,44,865,3560,0.05030307217037875,1000,2799,5358,2574,2948,3,89,2112,ok
20260902T230852Z,https://wewine.vn/michele-chiarlo-montemareto-nizza/,mobile,50,2102,21903,0.0007713999853894982,583,9643,22659,2742,3253,0,218,1949,ok
20260902T230852Z,https://wewine.vn/michele-chiarlo-montemareto-nizza/,desktop,66,442,2719,0.001118020058080145,309,2648,3877,2574,2948,3,89,2112,ok
20260903T034122Z,https://wewine.vn/,mobile,46,2102,11210,0.21862492868815936,285,14458,20419,2370,2902,14,169,1567,ok
20260903T034122Z,https://wewine.vn/,desktop,37,444,7823,0.021674928640224148,901,5822,7969,2369,2720,0,81,1891,ok
20260903T034122Z,https://wewine.vn/cac-vung-ruou-vang-phap-noi-tieng-nhat/,mobile,67,2252,3484,0.02460708544050605,589,7135,19367,2753,3307,0,217,1956,ok
20260903T034122Z,https://wewine.vn/cac-vung-ruou-vang-phap-noi-tieng-nhat/,desktop,,,,,,,,,,,,,"error: HTTP 500: {
  ""error"": {
    ""code"": 500,
    ""message"": ""Lighthouse returned error: Something went wrong."",
    ""errors"": [
      {
        ""message"": ""Lighthouse returned error: Something went wrong."",
        ""domain"": ""lighthouse"",
        ""reason"": ""lighthouseError""
      }
    ]
  }
}
"
20260903T034122Z,https://wewine.vn/quoc-gia/phap/,mobile,63,2254,5479,0.0002056679090944417,320,7304,24329,2753,3307,0,217,1956,ok
20260903T034122Z,https://wewine.vn/quoc-gia/phap/,desktop,41,1261,3677,0.03230656373831062,883,3708,5297,2583,2963,3,89,2118,ok
20260903T034122Z,https://wewine.vn/michele-chiarlo-montemareto-nizza/,mobile,57,2102,13470,0.0007713999853894982,323,10774,21374,2753,3307,0,217,1956,ok
20260903T034122Z,https://wewine.vn/michele-chiarlo-montemareto-nizza/,desktop,,,,,,,,,,,,,"error: HTTP 500: {
  ""error"": {
    ""code"": 500,
    ""message"": ""Lighthouse returned error: Something went wrong."",
    ""errors"": [
      {
        ""message"": ""Lighthouse returned error: Something went wrong."",
        ""domain"": ""lighthouse"",
        ""reason"": ""lighthouseError""
      }
    ]
  }
}
"
20260903T084514Z,https://wewine.vn/,mobile,45,2102,20028,0.2189523449176159,313,15430,23420,2370,2902,14,169,1567,ok
20260903T084514Z,https://wewine.vn/,desktop,50,447,3282,0.020387300586638648,532,6997,5357,2369,2720,0,81,1891,ok
20260903T084514Z,https://wewine.vn/cac-vung-ruou-vang-phap-noi-tieng-nhat/,mobile,57,2102,3433,0,1167,9042,19262,2753,3307,0,217,1956,ok
20260903T084514Z,https://wewine.vn/cac-vung-ruou-vang-phap-noi-tieng-nhat/,desktop,,,,,,,,,,,,,"error: HTTP 500: {
  ""error"": {
    ""code"": 500,
    ""message"": ""Lighthouse returned error: Something went wrong."",
    ""errors"": [
      {
        ""message"": ""Lighthouse returned error: Something went wrong."",
        ""domain"": ""lighthouse"",
        ""reason"": ""lighthouseError""
      }
    ]
  }
}
"
20260903T084514Z,https://wewine.vn/quoc-gia/phap/,mobile,,,,,,,,,,,,,"error: HTTP 500: {
  ""error"": {
    ""code"": 500,
    ""message"": ""Lighthouse returned error: Something went wrong."",
    ""errors"": [
      {
        ""message"": ""Lighthouse returned error: Something went wrong."",
        ""domain"": ""lighthouse"",
        ""reason"": ""lighthouseError""
      }
    ]
  }
}
"
20260903T084514Z,https://wewine.vn/quoc-gia/phap/,desktop,,,,,,,,,,,,,"error: HTTP 500: {
  ""error"": {
    ""code"": 500,
    ""message"": ""Lighthouse returned error: Something went wrong."",
    ""errors"": [
      {
        ""message"": ""Lighthouse returned error: Something went wrong."",
        ""domain"": ""lighthouse"",
        ""reason"": ""lighthouseError""
      }
    ]
  }
}
"
20260903T084514Z,https://wewine.vn/michele-chiarlo-montemareto-nizza/,mobile,,,,,,,,,,,,,"error: HTTP 500: {
  ""error"": {
    ""code"": 500,
    ""message"": ""Lighthouse returned error: Something went wrong."",
    ""errors"": [
      {
        ""message"": ""Lighthouse returned error: Something went wrong."",
        ""domain"": ""lighthouse"",
        ""reason"": ""lighthouseError""
      }
    ]
  }
}
"
20260903T084514Z,https://wewine.vn/michele-chiarlo-montemareto-nizza/,desktop,,,,,,,,,,,,,"error: HTTP 500: {
  ""error"": {
    ""code"": 500,
    ""message"": ""Lighthouse returned error: Something went wrong."",
    ""errors"": [
      {
        ""message"": ""Lighthouse returned error: Something went wrong."",
        ""domain"": ""lighthouse"",
        ""reason"": ""lighthouseError""
      }
    ]
  }
}
"
20260903T132437Z,https://wewine.vn/,mobile,38,2102,21678,0.11996027177235305,987,18224,24333,2370,2902,14,169,1567,ok
20260903T132437Z,https://wewine.vn/,desktop,50,482,6123,0.01280308204185273,371,6390,6127,2369,2720,0,81,1891,ok
20260903T132437Z,https://wewine.vn/cac-vung-ruou-vang-phap-noi-tieng-nhat/,mobile,67,2402,3615,0.02460708544050605,435,10573,19462,2753,3307,0,217,1956,ok
20260903T132437Z,https://wewine.vn/cac-vung-ruou-vang-phap-noi-tieng-nhat/,desktop,67,495,801,0.019297294028908736,706,2720,3592,2583,2963,3,89,2118,ok
20260903T132437Z,https://wewine.vn/quoc-gia/phap/,mobile,64,2262,4737,0.0002056679090944417,294,14602,24535,2753,3307,0,217,1956,ok
20260903T132437Z,https://wewine.vn/quoc-gia/phap/,desktop,42,881,5325,0.0018208580958322385,708,3382,5452,2583,2963,3,89,2118,ok
20260903T132437Z,https://wewine.vn/michele-chiarlo-montemareto-nizza/,mobile,59,2252,12433,0.0005657320762950565,241,11825,21950,2753,3307,0,217,1956,ok
20260903T132437Z,https://wewine.vn/michele-chiarlo-montemareto-nizza/,desktop,61,482,3160,0.0016629613942153343,289,4501,4641,2583,2963,3,89,2118,ok
20260903T174058Z,https://wewine.vn/,mobile,44,2102,29853,0.06486734262358944,756,14652,29898,2370,2902,14,169,1567,ok
20260903T174058Z,https://wewine.vn/,desktop,,,,,,,,,,,,,"error: HTTP 500: {
  ""error"": {
    ""code"": 500,
    ""message"": ""Lighthouse returned error: Something went wrong."",
    ""errors"": [
      {
        ""message"": ""Lighthouse returned error: Something went wrong."",
        ""domain"": ""lighthouse"",
        ""reason"": ""lighthouseError""
      }
    ]
  }
}
"
20260903T174058Z,https://wewine.vn/cac-vung-ruou-vang-phap-noi-tieng-nhat/,mobile,,,,,,,,,,,,,"error: HTTP 500: {
  ""error"": {
    ""code"": 500,
    ""message"": ""Lighthouse returned error: Something went wrong."",
    ""errors"": [
      {
        ""message"": ""Lighthouse returned error: Something went wrong."",
        ""domain"": ""lighthouse"",
        ""reason"": ""lighthouseError""
      }
    ]
  }
}
"
20260903T174058Z,https://wewine.vn/cac-vung-ruou-vang-phap-noi-tieng-nhat/,desktop,75,522,931,0.019297294028908736,382,2838,3710,2583,2963,3,89,2118,ok
20260903T174058Z,https://wewine.vn/quoc-gia/phap/,mobile,,,,,,,,,,,,,"error: HTTP 500: {
  ""error"": {
    ""code"": 500,
    ""message"": ""Lighthouse returned error: Something went wrong."",
    ""errors"": [
      {
        ""message"": ""Lighthouse returned error: Something went wrong."",
        ""domain"": ""lighthouse"",
        ""reason"": ""lighthouseError""
      }
    ]
  }
}
"
20260903T174058Z,https://wewine.vn/quoc-gia/phap/,desktop,64,855,6778,0.0018211654942255988,138,3277,6846,2583,2963,3,89,2118,ok
20260903T174058Z,https://wewine.vn/michele-chiarlo-montemareto-nizza/,mobile,52,2252,14182,0.0007713999853894982,452,9358,22123,2753,3307,0,217,1956,ok
20260903T174058Z,https://wewine.vn/michele-chiarlo-montemareto-nizza/,desktop,46,487,3723,0.004822193630183165,682,3440,4564,2583,2963,3,89,2118,ok
20260903T204450Z,https://wewine.vn/,mobile,35,2102,28053,0.1198515147428319,1282,11738,28098,2370,2902,14,169,1567,ok
20260903T204450Z,https://wewine.vn/,desktop,38,448,6426,0.014861666712269798,926,6162,6436,2369,2720,0,81,1891,ok
20260903T204450Z,https://wewine.vn/cac-vung-ruou-vang-phap-noi-tieng-nhat/,mobile,71,2402,3605,0.02460708544050605,317,10208,19450,2753,3307,0,217,1956,ok
20260903T204450Z,https://wewine.vn/cac-vung-ruou-vang-phap-noi-tieng-nhat/,desktop,65,483,854,0.019297294028908736,806,2890,3762,2583,2963,3,89,2118,ok
20260903T204450Z,https://wewine.vn/quoc-gia/phap/,mobile,54,2578,5053,0.0002056679090944417,575,10680,23488,2753,3307,0,217,1956,ok
20260903T204450Z,https://wewine.vn/quoc-gia/phap/,desktop,62,857,5068,0.0018207208760178612,188,3834,5114,2583,2963,3,89,2118,ok
20260903T204450Z,https://wewine.vn/michele-chiarlo-montemareto-nizza/,mobile,,,,,,,,,,,,,"error: HTTP 500: {
  ""error"": {
    ""code"": 500,
    ""message"": ""Lighthouse returned error: Something went wrong."",
    ""errors"": [
      {
        ""message"": ""Lighthouse returned error: Something went wrong."",
        ""domain"": ""lighthouse"",
        ""reason"": ""lighthouseError""
      }
    ]
  }
}
"
20260903T204450Z,https://wewine.vn/michele-chiarlo-montemareto-nizza/,desktop,,,,,,,,,,,,,"error: HTTP 500: {
  ""error"": {
    ""code"": 500,
    ""message"": ""Lighthouse returned error: Something went wrong."",
    ""errors"": [
      {
        ""message"": ""Lighthouse returned error: Something went wrong."",
        ""domain"": ""lighthouse"",
        ""reason"": ""lighthouseError""
      }
    ]
  }
}
"
20260903T230620Z,https://wewine.vn/,mobile,33,2102,21453,0.17023370940169374,1112,14907,23145,2370,2902,14,169,1567,ok
20260903T230620Z,https://wewine.vn/,desktop,45,451,3558,0.014861898640661942,734,7437,5235,2369,2720,0,81,1891,ok
20260903T230620Z,https://wewine.vn/cac-vung-ruou-vang-phap-noi-tieng-nhat/,mobile,63,2252,2627,0.02460708544050605,1078,8511,19205,2753,3307,0,217,1956,ok
20260903T230620Z,https://wewine.vn/cac-vung-ruou-vang-phap-noi-tieng-nhat/,desktop,73,479,793,0.018703184904269914,463,2825,4146,2583,2963,3,89,2118,ok
20260903T230620Z,https://wewine.vn/quoc-gia/phap/,mobile,46,2878,4753,0.0002056679090944417,1057,11973,25303,2753,3307,0,217,1956,ok
20260903T230620Z,https://wewine.vn/quoc-gia/phap/,desktop,40,1067,7624,0.0018207208760178612,600,4866,7734,2583,2963,3,89,2118,ok
20260903T230620Z,https://wewine.vn/michele-chiarlo-montemareto-nizza/,mobile,59,2252,13680,0.0007713999853894982,236,13497,22154,2753,3307,0,217,1956,ok
20260903T230620Z,https://wewine.vn/michele-chiarlo-montemareto-nizza/,desktop,62,482,2984,0.0020631726643901586,312,3569,3788,2583,2963,3,89,2118,ok
20260904T005828Z,https://wewine.vn/,mobile,38,2102,10748,0.17033884119689754,717,13678,23421,2370,2902,14,169,1567,ok
20260904T005828Z,https://wewine.vn/,desktop,37,451,5603,0.02000607058532799,1379,4218,5611,2369,2720,0,81,1891,ok
20260904T005828Z,https://wewine.vn/cac-vung-ruou-vang-phap-noi-tieng-nhat/,mobile,61,2402,4522,0,570,6384,19580,2753,3307,0,217,1956,ok
20260904T005828Z,https://wewine.vn/cac-vung-ruou-vang-phap-noi-tieng-nhat/,desktop,61,621,852,0.01068253548835479,6534,3505,11601,2583,2963,3,89,2118,ok
20260904T005828Z,https://wewine.vn/quoc-gia/phap/,mobile,55,2662,5137,0.0002056679090944417,533,8695,23401,2753,3307,0,217,1956,ok
20260904T005828Z,https://wewine.vn/quoc-gia/phap/,desktop,41,849,5880,0.010286638080204077,1279,2280,5914,2583,2963,3,89,2118,ok
20260904T005828Z,https://wewine.vn/michele-chiarlo-montemareto-nizza/,mobile,44,2252,29403,0.0009055289518350399,1079,6516,29598,2753,3307,0,217,1956,ok
20260904T005828Z,https://wewine.vn/michele-chiarlo-montemareto-nizza/,desktop,43,482,5003,0.0016631701835799551,1289,2264,5019,2583,2963,3,89,2118,ok
20260904T054041Z,https://wewine.vn/,mobile,54,2252,21228,0.11588775321620606,245,14329,21281,2377,2947,14,171,1538,ok
20260904T054041Z,https://wewine.vn/,desktop,37,477,5023,0.0007774109097276946,1820,5071,5221,2401,2788,0,82,1946,ok
20260904T054041Z,https://wewine.vn/cac-vung-ruou-vang-phap-noi-tieng-nhat/,mobile,62,2252,3426,0,765,8602,19005,2750,3301,0,216,1949,ok
20260904T054041Z,https://wewine.vn/cac-vung-ruou-vang-phap-noi-tieng-nhat/,desktop,88,466,806,0.019297294028908736,177,2758,2967,2558,2933,3,92,2090,ok
20260904T054041Z,https://wewine.vn/quoc-gia/phap/,mobile,36,2252,16653,0.0002056679090944417,1961,9003,22388,2750,3301,0,216,1949,ok
20260904T054041Z,https://wewine.vn/quoc-gia/phap/,desktop,40,517,5903,0.004100258351252547,3217,2614,6388,2558,2933,3,92,2090,ok
20260904T054041Z,https://wewine.vn/michele-chiarlo-montemareto-nizza/,mobile,13,2252,29703,0.5204673878422537,2652,10469,29733,2750,3301,0,216,1949,ok
20260904T054041Z,https://wewine.vn/michele-chiarlo-montemareto-nizza/,desktop,45,504,2983,0.006914954800403393,5010,3902,9997,2558,2933,3,92,2090,ok
20260904T105516Z,https://wewine.vn/,mobile,44,2252,31953,0.19938021917727042,375,18254,32028,2377,2947,14,171,1538,ok
20260904T105516Z,https://wewine.vn/,desktop,40,479,6923,0.011533454747103287,712,5807,6939,2401,2788,0,82,1946,ok
20260904T105516Z,https://wewine.vn/cac-vung-ruou-vang-phap-noi-tieng-nhat/,mobile,59,2252,3550,0.02460708544050605,863,10209,19246,2750,3301,0,216,1949,ok
20260904T105516Z,https://wewine.vn/cac-vung-ruou-vang-phap-noi-tieng-nhat/,desktop,79,562,988,0.01872358181566121,277,4029,4085,2558,2933,3,92,2090,ok
20260904T105516Z,https://wewine.vn/quoc-gia/phap/,mobile,54,2284,5054,0.07646813476885585,593,9252,24971,2750,3301,0,216,1949,ok
20260904T105516Z,https://wewine.vn/quoc-gia/phap/,desktop,50,477,3198,0.030684031592412418,637,3036,3911,2558,2933,3,92,2090,ok
20260904T105516Z,https://wewine.vn/michele-chiarlo-montemareto-nizza/,mobile,38,2252,13597,0.0007713999853894982,1285,14305,20983,2750,3301,0,216,1949,ok
20260904T105516Z,https://wewine.vn/michele-chiarlo-montemareto-nizza/,desktop,56,526,3105,0.0010979482240317544,426,3620,3747,2558,2933,3,92,2090,ok
20260904T145358Z,https://wewine.vn/,mobile,36,2252,20328,0.1405607071026468,941,14168,22602,2377,2947,14,171,1538,ok
20260904T145358Z,https://wewine.vn/,desktop,40,477,6803,0.011552941055219914,732,4398,6819,2401,2788,0,82,1946,ok
20260904T145358Z,https://wewine.vn/cac-vung-ruou-vang-phap-noi-tieng-nhat/,mobile,,,,,,,,,,,,,"error: HTTP 500: {
  ""error"": {
    ""code"": 500,
    ""message"": ""Lighthouse returned error: Something went wrong."",
    ""errors"": [
      {
        ""message"": ""Lighthouse returned error: Something went wrong."",
        ""domain"": ""lighthouse"",
        ""reason"": ""lighthouseError""
      }
    ]
  }
}
"
20260904T145358Z,https://wewine.vn/cac-vung-ruou-vang-phap-noi-tieng-nhat/,desktop,72,522,1242,0.019775714445976714,506,1932,3844,2558,2933,3,92,2090,ok
20260904T145358Z,https://wewine.vn/quoc-gia/phap/,mobile,43,2252,6902,0.01283134737966393,2027,4902,24302,2750,3301,0,216,1949,ok
20260904T145358Z,https://wewine.vn/quoc-gia/phap/,desktop,,,,,,,,,,,,,"error: HTTP 500: {
  ""error"": {
    ""code"": 500,
    ""message"": ""Lighthouse returned error: Something went wrong."",
    ""errors"": [
      {
        ""message"": ""Lighthouse returned error: Something went wrong."",
        ""domain"": ""lighthouse"",
        ""reason"": ""lighthouseError""
      }
    ]
  }
}
"
20260904T145358Z,https://wewine.vn/michele-chiarlo-montemareto-nizza/,mobile,,,,,,,,,,,,,"error: HTTP 500: {
  ""error"": {
    ""code"": 500,
    ""message"": ""Lighthouse returned error: Something went wrong."",
    ""errors"": [
      {
        ""message"": ""Lighthouse returned error: Something went wrong."",
        ""domain"": ""lighthouse"",
        ""reason"": ""lighthouseError""
      }
    ]
  }
}
"
20260904T145358Z,https://wewine.vn/michele-chiarlo-montemareto-nizza/,desktop,,,,,,,,,,,,,"error: HTTP 500: {
  ""error"": {
    ""code"": 500,
    ""message"": ""Lighthouse returned error: Something went wrong."",
    ""errors"": [
      {
        ""message"": ""Lighthouse returned error: Something went wrong."",
        ""domain"": ""lighthouse"",
        ""reason"": ""lighthouseError""
      }
    ]
  }
}
"
20260904T181324Z,https://wewine.vn/,mobile,,,,,,,,,,,,,"error: HTTP 500: {
  ""error"": {
    ""code"": 500,
    ""message"": ""Lighthouse returned error: Something went wrong."",
    ""errors"": [
      {
        ""message"": ""Lighthouse returned error: Something went wrong."",
        ""domain"": ""lighthouse"",
        ""reason"": ""lighthouseError""
      }
    ]
  }
}
"
20260904T181324Z,https://wewine.vn/,desktop,36,491,5963,0.007888757551878118,1775,5906,5967,2401,2788,0,82,1946,ok
20260904T181324Z,https://wewine.vn/cac-vung-ruou-vang-phap-noi-tieng-nhat/,mobile,28,2252,3616,0.5394896719319563,2041,12847,19183,2750,3301,0,216,1949,ok
20260904T181324Z,https://wewine.vn/cac-vung-ruou-vang-phap-noi-tieng-nhat/,desktop,64,477,840,0.01929715680909436,692,4486,3621,2558,2933,3,92,2090,ok
20260904T181324Z,https://wewine.vn/quoc-gia/phap/,mobile,,,,,,,,,,,,,"error: HTTP 500: {
  ""error"": {
    ""code"": 500,
    ""message"": ""Lighthouse returned error: Something went wrong."",
    ""errors"": [
      {
        ""message"": ""Lighthouse returned error: Something went wrong."",
        ""domain"": ""lighthouse"",
        ""reason"": ""lighthouseError""
      }
    ]
  }
}
"
20260904T181324Z,https://wewine.vn/quoc-gia/phap/,desktop,38,501,4963,0.033771338335691084,1974,4669,4967,2558,2933,3,92,2090,ok
20260904T181324Z,https://wewine.vn/michele-chiarlo-montemareto-nizza/,mobile,17,2252,28128,0.3307754013849403,3622,12730,28211,2750,3301,0,216,1949,ok
20260904T181324Z,https://wewine.vn/michele-chiarlo-montemareto-nizza/,desktop,39,800,4403,0.0029688359474665665,3272,4211,7075,2558,2933,3,92,2090,ok
20260904T212001Z,https://wewine.vn/,mobile,41,2252,30978,0.15789043588601745,596,14781,31046,2377,2947,14,171,1538,ok
20260904T212001Z,https://wewine.vn/,desktop,37,491,5223,0.007888757551878118,1656,4631,5261,2401,2788,0,82,1946,ok
20260904T212001Z,https://wewine.vn/cac-vung-ruou-vang-phap-noi-tieng-nhat/,mobile,66,2402,2627,0.02460708544050605,1013,6269,19949,2750,3301,0,216,1949,ok
20260904T212001Z,https://wewine.vn/cac-vung-ruou-vang-phap-noi-tieng-nhat/,desktop,71,522,925,0.019775714445976714,634,1995,4018,2558,2933,3,92,2090,ok
20260904T212001Z,https://wewine.vn/quoc-gia/phap/,mobile,,,,,,,,,,,,,"error: HTTP 500: {
  ""error"": {
    ""code"": 500,
    ""message"": ""Lighthouse returned error: Something went wrong."",
    ""errors"": [
      {
        ""message"": ""Lighthouse returned error: Something went wrong."",
        ""domain"": ""lighthouse"",
        ""reason"": ""lighthouseError""
      }
    ]
  }
}
"
20260904T212001Z,https://wewine.vn/quoc-gia/phap/,desktop,68,469,2651,0.03250488968824466,311,2288,3620,2558,2933,3,92,2090,ok
20260904T212001Z,https://wewine.vn/michele-chiarlo-montemareto-nizza/,mobile,37,2252,24228,0.0005657320762950565,3276,6544,24311,2750,3301,0,216,1949,ok
20260904T212001Z,https://wewine.vn/michele-chiarlo-montemareto-nizza/,desktop,,,,,,,,,,,,,"error: HTTP 500: {
  ""error"": {
    ""code"": 500,
    ""message"": ""Lighthouse returned error: Something went wrong."",
    ""errors"": [
      {
        ""message"": ""Lighthouse returned error: Something went wrong."",
        ""domain"": ""lighthouse"",
        ""reason"": ""lighthouseError""
      }
    ]
  }
}
"
20260904T235121Z,https://wewine.vn/,mobile,19,2252,29328,0.3230049322886813,1818,15651,29366,2377,2947,14,171,1538,ok
20260904T235121Z,https://wewine.vn/,desktop,41,479,5723,0.011553078275034292,690,4663,5731,2401,2788,0,82,1946,ok
20260904T235121Z,https://wewine.vn/cac-vung-ruou-vang-phap-noi-tieng-nhat/,mobile,60,2252,2627,0,2140,6320,19658,2750,3301,0,216,1949,ok
20260904T235121Z,https://wewine.vn/cac-vung-ruou-vang-phap-noi-tieng-nhat/,desktop,,,,,,,,,,,,,"error: HTTP 500: {
  ""error"": {
    ""code"": 500,
    ""message"": ""Lighthouse returned error: Something went wrong."",
    ""errors"": [
      {
        ""message"": ""Lighthouse returned error: Something went wrong."",
        ""domain"": ""lighthouse"",
        ""reason"": ""lighthouseError""
      }
    ]
  }
}
"
20260904T235121Z,https://wewine.vn/quoc-gia/phap/,mobile,,,,,,,,,,,,,"error: HTTP 500: {
  ""error"": {
    ""code"": 500,
    ""message"": ""Lighthouse returned error: Something went wrong."",
    ""errors"": [
      {
        ""message"": ""Lighthouse returned error: Something went wrong."",
        ""domain"": ""lighthouse"",
        ""reason"": ""lighthouseError""
      }
    ]
  }
}
"
20260904T235121Z,https://wewine.vn/quoc-gia/phap/,desktop,69,471,2945,0.032527329248351874,280,2080,3641,2558,2933,3,92,2090,ok
20260904T235121Z,https://wewine.vn/michele-chiarlo-montemareto-nizza/,mobile,,,,,,,,,,,,,"error: HTTP 500: {
  ""error"": {
    ""code"": 500,
    ""message"": ""Lighthouse returned error: Something went wrong."",
    ""errors"": [
      {
        ""message"": ""Lighthouse returned error: Something went wrong."",
        ""domain"": ""lighthouse"",
        ""reason"": ""lighthouseError""
      }
    ]
  }
}
"
20260904T235121Z,https://wewine.vn/michele-chiarlo-montemareto-nizza/,desktop,,,,,,,,,,,,,"error: HTTP 500: {
  ""error"": {
    ""code"": 500,
    ""message"": ""Lighthouse returned error: Something went wrong."",
    ""errors"": [
      {
        ""message"": ""Lighthouse returned error: Something went wrong."",
        ""domain"": ""lighthouse"",
        ""reason"": ""lighthouseError""
      }
    ]
  }
}
"
20260905T034047Z,https://wewine.vn/,mobile,34,2252,13823,0.24352197262705738,657,15303,22260,2377,2947,14,171,1538,ok
20260905T034047Z,https://wewine.vn/,desktop,36,496,5783,0.007888757551878118,1683,6306,5789,2401,2788,0,82,1946,ok
20260905T034047Z,https://wewine.vn/cac-vung-ruou-vang-phap-noi-tieng-nhat/,mobile,52,2252,3602,0.02460708544050605,1626,13165,21239,2750,3301,0,216,1949,ok
20260905T034047Z,https://wewine.vn/cac-vung-ruou-vang-phap-noi-tieng-nhat/,desktop,63,482,843,0.009850807011207425,904,3432,3796,2558,2933,3,92,2090,ok
20260905T034047Z,https://wewine.vn/quoc-gia/phap/,mobile,55,2252,4727,0.06909303547642813,700,7538,23167,2750,3301,0,216,1949,ok
20260905T034047Z,https://wewine.vn/quoc-gia/phap/,desktop,,,,,,,,,,,,,"error: HTTP 500: {
  ""error"": {
    ""code"": 500,
    ""message"": ""Lighthouse returned error: Something went wrong."",
    ""errors"": [
      {
        ""message"": ""Lighthouse returned error: Something went wrong."",
        ""domain"": ""lighthouse"",
        ""reason"": ""lighthouseError""
      }
    ]
  }
}
"
20260905T034047Z,https://wewine.vn/michele-chiarlo-montemareto-nizza/,mobile,58,2252,14312,0.0007713999853894982,240,13545,22345,2750,3301,0,216,1949,ok
20260905T034047Z,https://wewine.vn/michele-chiarlo-montemareto-nizza/,desktop,,,,,,,,,,,,,"error: HTTP 500: {
  ""error"": {
    ""code"": 500,
    ""message"": ""Lighthouse returned error: Something went wrong."",
    ""errors"": [
      {
        ""message"": ""Lighthouse returned error: Something went wrong."",
        ""domain"": ""lighthouse"",
        ""reason"": ""lighthouseError""
      }
    ]
  }
}
"
20260905T081328Z,https://wewine.vn/,mobile,16,2252,27228,0.3243516057726862,4689,17341,27266,2377,2958,14,176,1538,ok
20260905T081328Z,https://wewine.vn/,desktop,39,484,5743,0.011553078275034292,906,4800,5753,2423,2842,0,81,1941,ok
20260905T081328Z,https://wewine.vn/cac-vung-ruou-vang-phap-noi-tieng-nhat/,mobile,65,2252,3507,0,606,8572,19422,2788,3400,1,219,1978,ok
20260905T081328Z,https://wewine.vn/cac-vung-ruou-vang-phap-noi-tieng-nhat/,desktop,66,497,838,0.019297294028908736,819,2678,3589,2606,2991,3,89,2114,ok
20260905T081328Z,https://wewine.vn/quoc-gia/phap/,mobile,59,2252,6902,0.0002056679090944417,259,12869,22435,2788,3400,1,219,1978,ok
20260905T081328Z,https://wewine.vn/quoc-gia/phap/,desktop,46,497,3303,0.11545605895463602,1396,1644,4103,2606,2991,3,89,2114,ok
20260905T081328Z,https://wewine.vn/michele-chiarlo-montemareto-nizza/,mobile,56,2402,13806,0.0007713999853894982,302,11482,22212,2788,3400,1,219,1978,ok
20260905T081328Z,https://wewine.vn/michele-chiarlo-montemareto-nizza/,desktop,48,483,3823,0.0009834750313749525,748,2320,4227,2606,2991,3,89,2114,ok
20260905T123051Z,https://wewine.vn/,mobile,33,2252,28128,0.16325448966093076,1156,12303,28166,2377,2958,14,176,1538,ok
20260905T123051Z,https://wewine.vn/,desktop,45,481,5063,0.011552941055219914,574,3644,5069,2423,2842,0,81,1941,ok
20260905T123051Z,https://wewine.vn/cac-vung-ruou-vang-phap-noi-tieng-nhat/,mobile,66,2252,2627,0,1165,5428,19666,2788,3400,1,219,1978,ok
20260905T123051Z,https://wewine.vn/cac-vung-ruou-vang-phap-noi-tieng-nhat/,desktop,75,522,911,0.019297294028908736,397,2652,4206,2606,2991,3,89,2114,ok
20260905T123051Z,https://wewine.vn/quoc-gia/phap/,mobile,56,2252,4727,0.0002056679090944417,1031,4534,22741,2788,3400,1,219,1978,ok
20260905T123051Z,https://wewine.vn/quoc-gia/phap/,desktop,59,487,2332,0.032527329248351874,675,1929,3748,2606,2991,3,89,2114,ok
20260905T123051Z,https://wewine.vn/michele-chiarlo-montemareto-nizza/,mobile,55,2252,22353,0.0007713999853894982,406,8277,23076,2788,3400,1,219,1978,ok
20260905T123051Z,https://wewine.vn/michele-chiarlo-montemareto-nizza/,desktop,66,522,2829,0.0020631726643901586,298,2701,4008,2606,2991,3,89,2114,ok
20260905T155259Z,https://wewine.vn/,mobile,39,2252,31428,0.19029940032951317,602,13095,31481,2377,2958,14,176,1538,ok
20260905T155259Z,https://wewine.vn/,desktop,49,473,5743,0.011672917870589264,398,4592,5753,2423,2842,0,81,1941,ok
20260905T155259Z,https://wewine.vn/cac-vung-ruou-vang-phap-noi-tieng-nhat/,mobile,68,2252,2627,0,961,5635,19453,2788,3400,1,219,1978,ok
20260905T155259Z,https://wewine.vn/cac-vung-ruou-vang-phap-noi-tieng-nhat/,desktop,,,,,,,,,,,,,"error: HTTP 500: {
  ""error"": {
    ""code"": 500,
    ""message"": ""Lighthouse returned error: Something went wrong."",
    ""errors"": [
      {
        ""message"": ""Lighthouse returned error: Something went wrong."",
        ""domain"": ""lighthouse"",
        ""reason"": ""lighthouseError""
      }
    ]
  }
}
"
20260905T155259Z,https://wewine.vn/quoc-gia/phap/,mobile,62,2252,4727,0.0002056679090944417,458,7472,22509,2788,3400,1,219,1978,ok
20260905T155259Z,https://wewine.vn/quoc-gia/phap/,desktop,56,480,2287,0.11690884409307313,665,1794,3856,2606,2991,3,89,2114,ok
20260905T155259Z,https://wewine.vn/michele-chiarlo-montemareto-nizza/,mobile,48,2252,31428,0.0007713999853894982,696,7445,31616,2788,3400,1,219,1978,ok
20260905T155259Z,https://wewine.vn/michele-chiarlo-montemareto-nizza/,desktop,58,482,5543,0.0016631701835799551,289,2772,5553,2606,2991,3,89,2114,ok
20260905T180223Z,https://wewine.vn/,mobile,42,2252,21528,0.21619062678962703,429,15013,21566,2377,2958,14,176,1538,ok
20260905T180223Z,https://wewine.vn/,desktop,52,476,5823,0.011552941055219914,350,4814,5829,2423,2842,0,81,1941,ok
20260905T180223Z,https://wewine.vn/cac-vung-ruou-vang-phap-noi-tieng-nhat/,mobile,68,2402,3679,0.02460708544050605,438,7963,19397,2788,3400,1,219,1978,ok
20260905T180223Z,https://wewine.vn/cac-vung-ruou-vang-phap-noi-tieng-nhat/,desktop,59,509,968,0.018723719035475588,3705,4480,7429,2606,2991,3,89,2114,ok
20260905T180223Z,https://wewine.vn/quoc-gia/phap/,mobile,48,2252,4727,0.0002056679090944417,1106,11286,22555,2788,3400,1,219,1978,ok
20260905T180223Z,https://wewine.vn/quoc-gia/phap/,desktop,48,510,3323,0.032131079695262535,1349,2182,4410,2606,2991,3,89,2114,ok
20260905T180223Z,https://wewine.vn/michele-chiarlo-montemareto-nizza/,mobile,41,2252,13919,0.0007713999853894982,943,14746,21388,2788,3400,1,219,1978,ok
20260905T180223Z,https://wewine.vn/michele-chiarlo-montemareto-nizza/,desktop,41,512,4443,0.004811382078880004,1792,2961,4732,2606,2991,3,89,2114,ok
20260905T200758Z,https://wewine.vn/,mobile,37,2252,10344,0.10092589914492014,1110,15242,21550,2377,2958,14,176,1538,ok
20260905T200758Z,https://wewine.vn/,desktop,37,506,5283,0.007888757551878118,1556,5126,5288,2423,2842,0,81,1941,ok
20260905T200758Z,https://wewine.vn/cac-vung-ruou-vang-phap-noi-tieng-nhat/,mobile,74,2402,3602,0.02460708544050605,310,6721,19391,2788,3400,1,219,1978,ok
20260905T200758Z,https://wewine.vn/cac-vung-ruou-vang-phap-noi-tieng-nhat/,desktop,85,522,911,0.019775714445976714,236,2371,4032,2606,2991,3,89,2114,ok
20260905T200758Z,https://wewine.vn/quoc-gia/phap/,mobile,76,2252,3527,0.0002056679090944417,246,8333,22063,2788,3400,1,219,1978,ok
20260905T200758Z,https://wewine.vn/quoc-gia/phap/,desktop,70,473,2924,0.03796505414923452,274,1886,3664,2606,2991,3,89,2114,ok
20260905T200758Z,https://wewine.vn/michele-chiarlo-montemareto-nizza/,mobile,60,2252,14276,0.0009055289518350399,226,8801,22398,2788,3400,1,219,1978,ok
20260905T200758Z,https://wewine.vn/michele-chiarlo-montemareto-nizza/,desktop,60,482,5363,0.0020631726643901586,271,2437,5375,2606,2991,3,89,2114,ok
20260905T224424Z,https://wewine.vn/,mobile,,,,,,,,,,,,,"error: HTTP 500: {
  ""error"": {
    ""code"": 500,
    ""message"": ""Lighthouse returned error: Something went wrong."",
    ""errors"": [
      {
        ""message"": ""Lighthouse returned error: Something went wrong."",
        ""domain"": ""lighthouse"",
        ""reason"": ""lighthouseError""
      }
    ]
  }
}
"
20260905T224424Z,https://wewine.vn/,desktop,36,501,5723,0.007888757551878118,2574,8387,7073,2423,2842,0,81,1941,ok
20260905T224424Z,https://wewine.vn/cac-vung-ruou-vang-phap-noi-tieng-nhat/,mobile,63,2402,3703,0.02460708544050605,641,7483,19564,2788,3400,1,219,1978,ok
20260905T224424Z,https://wewine.vn/cac-vung-ruou-vang-phap-noi-tieng-nhat/,desktop,64,484,908,0.022848850504304213,1687,2294,4308,2606,2991,3,89,2114,ok
20260905T224424Z,https://wewine.vn/quoc-gia/phap/,mobile,59,2252,4727,0.0002056679090944417,572,7782,22669,2788,3400,1,219,1978,ok
20260905T224424Z,https://wewine.vn/quoc-gia/phap/,desktop,55,489,2835,0.037314128926198974,535,3052,3764,2606,2991,3,89,2114,ok
20260905T224424Z,https://wewine.vn/michele-chiarlo-montemareto-nizza/,mobile,52,2252,13305,0.0009055289518350399,474,9905,22342,2788,3400,1,219,1978,ok
20260905T224424Z,https://wewine.vn/michele-chiarlo-montemareto-nizza/,desktop,67,482,2948,0.0016629613942153343,250,2986,3754,2606,2991,3,89,2114,ok
20260906T004604Z,https://wewine.vn/,mobile,16,2252,27678,0.3414979461659559,3842,16498,27716,2439,3078,14,185,1613,ok
20260906T004604Z,https://wewine.vn/,desktop,40,503,3923,0.007888757551878118,2207,6472,6388,2545,2957,0,83,1977,ok
20260906T004604Z,https://wewine.vn/cac-vung-ruou-vang-phap-noi-tieng-nhat/,mobile,57,2402,3645,0,1061,7566,19771,2911,3531,1,221,2073,ok
20260906T004604Z,https://wewine.vn/cac-vung-ruou-vang-phap-noi-tieng-nhat/,desktop,63,539,908,0.010183580940081139,1141,2915,4070,2718,3113,4,95,2192,ok
20260906T004604Z,https://wewine.vn/quoc-gia/phap/,mobile,,,,,,,,,,,,,"error: HTTP 500: {
  ""error"": {
    ""code"": 500,
    ""message"": ""Lighthouse returned error: Something went wrong."",
    ""errors"": [
      {
        ""message"": ""Lighthouse returned error: Something went wrong."",
        ""domain"": ""lighthouse"",
        ""reason"": ""lighthouseError""
      }
    ]
  }
}
"
20260906T004604Z,https://wewine.vn/quoc-gia/phap/,desktop,39,478,4963,0.061444743503919104,1750,3094,5072,2718,3113,4,95,2192,ok
20260906T004604Z,https://wewine.vn/michele-chiarlo-montemareto-nizza/,mobile,49,2402,33003,0.0007713999853894982,552,11197,33243,2911,3531,1,221,2073,ok
20260906T004604Z,https://wewine.vn/michele-chiarlo-montemareto-nizza/,desktop,48,482,4123,0.0016631701835799551,630,2705,4365,2718,3113,4,95,2192,ok
20260906T054144Z,https://wewine.vn/,mobile,24,2252,10555,0.3414979461659559,993,16343,22263,2439,3078,14,185,1613,ok
20260906T054144Z,https://wewine.vn/,desktop,55,469,4183,0.007888757551878118,330,4768,4446,2545,2957,0,83,1977,ok
20260906T054144Z,https://wewine.vn/cac-vung-ruou-vang-phap-noi-tieng-nhat/,mobile,64,2252,2627,0,1575,5537,19657,2911,3531,1,221,2073,ok
20260906T054144Z,https://wewine.vn/cac-vung-ruou-vang-phap-noi-tieng-nhat/,desktop,91,522,903,0.01929715680909436,164,2035,3421,2718,3113,4,95,2192,ok
20260906T054144Z,https://wewine.vn/quoc-gia/phap/,mobile,68,2252,5477,0.0002056679090944417,174,7540,19980,2911,3531,1,221,2073,ok
20260906T054144Z,https://wewine.vn/quoc-gia/phap/,desktop,68,471,2158,0.03177301236497914,415,1892,3709,2718,3113,4,95,2192,ok
20260906T054144Z,https://wewine.vn/michele-chiarlo-montemareto-nizza/,mobile,54,2252,32703,0.0009055289518350399,417,9416,32973,2911,3531,1,221,2073,ok
20260906T054144Z,https://wewine.vn/michele-chiarlo-montemareto-nizza/,desktop,75,522,2765,0.0016631701835799551,166,2548,3608,2718,3113,4,95,2192,ok
20260906T103539Z,https://wewine.vn/,mobile,,,,,,,,,,,,,"error: HTTP 500: {
  ""error"": {
    ""code"": 500,
    ""message"": ""Lighthouse returned error: Something went wrong."",
    ""errors"": [
      {
        ""message"": ""Lighthouse returned error: Something went wrong."",
        ""domain"": ""lighthouse"",
        ""reason"": ""lighthouseError""
      }
    ]
  }
}
"
20260906T103539Z,https://wewine.vn/,desktop,36,506,5823,0.007888757551878118,2470,6675,6686,2545,2957,0,83,1977,ok
20260906T103539Z,https://wewine.vn/cac-vung-ruou-vang-phap-noi-tieng-nhat/,mobile,58,2402,3826,0.02460708544050605,756,10656,19950,2911,3531,1,221,2073,ok
20260906T103539Z,https://wewine.vn/cac-vung-ruou-vang-phap-noi-tieng-nhat/,desktop,70,470,809,0.01872358181566121,502,3483,3375,2718,3113,4,95,2192,ok
20260906T103539Z,https://wewine.vn/quoc-gia/phap/,mobile,56,2252,4727,0.0002056679090944417,614,9880,22602,2911,3531,1,221,2073,ok
20260906T103539Z,https://wewine.vn/quoc-gia/phap/,desktop,54,470,4083,0.03250488968824466,436,2539,4091,2718,3113,4,95,2192,ok
20260906T103539Z,https://wewine.vn/michele-chiarlo-montemareto-nizza/,mobile,42,2252,32029,0.0007713999853894982,1049,8787,32247,2911,3531,1,221,2073,ok
20260906T103539Z,https://wewine.vn/michele-chiarlo-montemareto-nizza/,desktop,39,483,5423,0.004816772185616652,1105,3570,5437,2718,3113,4,95,2192,ok
20260906T140351Z,https://wewine.vn/,mobile,29,2252,9984,0.16022448241271073,1626,15589,21667,2439,3078,14,185,1613,ok
20260906T140351Z,https://wewine.vn/,desktop,,,,,,,,,,,,,"error: HTTP 500: {
  ""error"": {
    ""code"": 500,
    ""message"": ""Lighthouse returned error: Something went wrong."",
    ""errors"": [
      {
        ""message"": ""Lighthouse returned error: Something went wrong."",
        ""domain"": ""lighthouse"",
        ""reason"": ""lighthouseError""
      }
    ]
  }
}
"
20260906T140351Z,https://wewine.vn/cac-vung-ruou-vang-phap-noi-tieng-nhat/,mobile,60,2252,2627,0.02460708544050605,1370,10414,19402,2911,3531,1,221,2073,ok
20260906T140351Z,https://wewine.vn/cac-vung-ruou-vang-phap-noi-tieng-nhat/,desktop,67,543,1010,0.019202139452543565,667,2736,4029,2718,3113,4,95,2192,ok
20260906T140351Z,https://wewine.vn/quoc-gia/phap/,mobile,46,2252,4727,0.0002056679090944417,1627,8051,23581,2911,3531,1,221,2073,ok
20260906T140351Z,https://wewine.vn/quoc-gia/phap/,desktop,52,481,3135,0.030684031592412418,638,2584,3844,2718,3113,4,95,2192,ok
20260906T140351Z,https://wewine.vn/michele-chiarlo-montemareto-nizza/,mobile,52,2252,13109,0.0007713999853894982,493,9358,22431,2911,3531,1,221,2073,ok
20260906T140351Z,https://wewine.vn/michele-chiarlo-montemareto-nizza/,desktop,46,482,4023,0.0007440475148118962,701,3163,4186,2718,3113,4,95,2192,ok
20260906T165221Z,https://wewine.vn/,mobile,27,2252,28128,0.16075904193081045,2408,17424,28226,2439,3078,14,185,1613,ok
20260906T165221Z,https://wewine.vn/,desktop,37,521,5283,0.007888757551878118,2978,6660,7389,2545,2957,0,83,1977,ok
20260906T165221Z,https://wewine.vn/cac-vung-ruou-vang-phap-noi-tieng-nhat/,mobile,58,2252,2627,0.01093560145808019,2236,8650,21807,2911,3531,1,221,2073,ok
20260906T165221Z,https://wewine.vn/cac-vung-ruou-vang-phap-noi-tieng-nhat/,desktop,61,482,833,0.010183580940081139,1137,4277,4588,2718,3113,4,95,2192,ok
20260906T165221Z,https://wewine.vn/quoc-gia/phap/,mobile,45,2252,6902,0.0002056679090944417,995,7094,22732,2911,3531,1,221,2073,ok
20260906T165221Z,https://wewine.vn/quoc-gia/phap/,desktop,42,489,5463,0.032089167745113584,1019,2460,5469,2718,3113,4,95,2192,ok
20260906T165221Z,https://wewine.vn/michele-chiarlo-montemareto-nizza/,mobile,,,,,,,,,,,,,"error: HTTP 500: {
  ""error"": {
    ""code"": 500,
    ""message"": ""Lighthouse returned error: Something went wrong."",
    ""errors"": [
      {
        ""message"": ""Lighthouse returned error: Something went wrong."",
        ""domain"": ""lighthouse"",
        ""reason"": ""lighthouseError""
      }
    ]
  }
}
"
20260906T165221Z,https://wewine.vn/michele-chiarlo-montemareto-nizza/,desktop,,,,,,,,,,,,,"error: HTTP 500: {
  ""error"": {
    ""code"": 500,
    ""message"": ""Lighthouse returned error: Something went wrong."",
    ""errors"": [
      {
        ""message"": ""Lighthouse returned error: Something went wrong."",
        ""domain"": ""lighthouse"",
        ""reason"": ""lighthouseError""
      }
    ]
  }
}
"
20260906T185753Z,https://wewine.vn/,mobile,27,2252,18003,0.19444289600825632,1685,14869,21779,2439,3078,14,185,1613,ok
20260906T185753Z,https://wewine.vn/,desktop,38,498,5223,0.007888757551878118,1203,4497,5229,2545,2957,0,83,1977,ok
20260906T185753Z,https://wewine.vn/cac-vung-ruou-vang-phap-noi-tieng-nhat/,mobile,76,2402,3749,0.02460708544050605,171,8690,15287,2911,3531,1,221,2073,ok
20260906T185753Z,https://wewine.vn/cac-vung-ruou-vang-phap-noi-tieng-nhat/,desktop,89,522,1063,0.019775714445976714,175,2345,3992,2718,3113,4,95,2192,ok
20260906T185753Z,https://wewine.vn/quoc-gia/phap/,mobile,69,2252,4727,0.0002056679090944417,244,7015,19962,2911,3531,1,221,2073,ok
20260906T185753Z,https://wewine.vn/quoc-gia/phap/,desktop,57,487,2329,0.04275169866049417,913,1787,3963,2718,3113,4,95,2192,ok
20260906T185753Z,https://wewine.vn/michele-chiarlo-montemareto-nizza/,mobile,57,2402,22953,0.0007713999853894982,306,9676,23953,2911,3531,1,221,2073,ok
20260906T185753Z,https://wewine.vn/michele-chiarlo-montemareto-nizza/,desktop,70,562,2799,0.0016629613942153343,225,2782,3665,2718,3113,4,95,2192,ok
20260906T211014Z,https://wewine.vn/,mobile,29,2252,30003,0.2021002828332719,1166,14421,30063,2439,3078,14,185,1613,ok
20260906T211014Z,https://wewine.vn/,desktop,41,478,5723,0.007888757551878118,706,5252,5731,2545,2957,0,83,1977,ok
20260906T211014Z,https://wewine.vn/cac-vung-ruou-vang-phap-noi-tieng-nhat/,mobile,64,2402,3692,0.02460708544050605,563,9183,19342,2911,3531,1,221,2073,ok
20260906T211014Z,https://wewine.vn/cac-vung-ruou-vang-phap-noi-tieng-nhat/,desktop,90,522,942,0.019775714445976714,131,2868,2954,2718,3113,4,95,2192,ok
20260906T211014Z,https://wewine.vn/quoc-gia/phap/,mobile,69,2252,3527,0.0002056679090944417,461,8298,22442,2911,3531,1,221,2073,ok
20260906T211014Z,https://wewine.vn/quoc-gia/phap/,desktop,50,552,2850,0.03796505414923452,2110,2088,4907,2718,3113,4,95,2192,ok
20260906T211014Z,https://wewine.vn/michele-chiarlo-montemareto-nizza/,mobile,36,2252,30453,0.0009055289518350399,2114,10186,30693,2911,3531,1,221,2073,ok
20260906T211014Z,https://wewine.vn/michele-chiarlo-montemareto-nizza/,desktop,38,512,5263,0.0016818053543421853,3230,4251,6930,2718,3113,4,95,2192,ok
20260906T233821Z,https://wewine.vn/,mobile,45,2252,11570,0.2028033515247255,344,13934,21994,2439,3078,14,185,1613,ok
20260906T233821Z,https://wewine.vn/,desktop,46,473,4303,0.007888757551878118,549,4711,4821,2545,2957,0,83,1977,ok
20260906T233821Z,https://wewine.vn/cac-vung-ruou-vang-phap-noi-tieng-nhat/,mobile,66,2402,3687,0.02460708544050605,536,7189,19322,2911,3531,1,221,2073,ok
20260906T233821Z,https://wewine.vn/cac-vung-ruou-vang-phap-noi-tieng-nhat/,desktop,64,522,972,0.01068253548835479,2000,2162,6091,2718,3113,4,95,2192,ok
20260906T233821Z,https://wewine.vn/quoc-gia/phap/,mobile,74,2252,4202,0.0002056679090944417,201,6533,22292,2911,3531,1,221,2073,ok
20260906T233821Z,https://wewine.vn/quoc-gia/phap/,desktop,44,481,5463,0.032647306063721224,800,2364,5469,2718,3113,4,95,2192,ok
20260906T233821Z,https://wewine.vn/michele-chiarlo-montemareto-nizza/,mobile,62,2402,13794,0.0007713999853894982,161,8772,19521,2911,3531,1,221,2073,ok
20260906T233821Z,https://wewine.vn/michele-chiarlo-montemareto-nizza/,desktop,44,492,4843,0.004814077132248328,1110,2219,4851,2718,3113,4,95,2192,ok
20260907T034215Z,https://wewine.vn/,mobile,,,,,,,,,,,,,"error: HTTP 500: {
  ""error"": {
    ""code"": 500,
    ""message"": ""Lighthouse returned error: Something went wrong."",
    ""errors"": [
      {
        ""message"": ""Lighthouse returned error: Something went wrong."",
        ""domain"": ""lighthouse"",
        ""reason"": ""lighthouseError""
      }
    ]
  }
}
"
20260907T034215Z,https://wewine.vn/,desktop,41,487,4243,0.007888757551878118,881,5628,4578,2545,2957,0,83,1977,ok
20260907T034215Z,https://wewine.vn/cac-vung-ruou-vang-phap-noi-tieng-nhat/,mobile,,,,,,,,,,,,,"error: HTTP 500: {
  ""error"": {
    ""code"": 500,
    ""message"": ""Lighthouse returned error: Something went wrong."",
    ""errors"": [
      {
        ""message"": ""Lighthouse returned error: Something went wrong."",
        ""domain"": ""lighthouse"",
        ""reason"": ""lighthouseError""
      }
    ]
  }
}
"
20260907T034215Z,https://wewine.vn/cac-vung-ruou-vang-phap-noi-tieng-nhat/,desktop,71,522,963,0.009870142181434784,439,3913,3734,2718,3113,4,95,2192,ok
20260907T034215Z,https://wewine.vn/quoc-gia/phap/,mobile,,,,,,,,,,,,,"error: HTTP 500: {
  ""error"": {
    ""code"": 500,
    ""message"": ""Lighthouse returned error: Something went wrong."",
    ""errors"": [
      {
        ""message"": ""Lighthouse returned error: Something went wrong."",
        ""domain"": ""lighthouse"",
        ""reason"": ""lighthouseError""
      }
    ]
  }
}
"
20260907T034215Z,https://wewine.vn/quoc-gia/phap/,desktop,,,,,,,,,,,,,"error: HTTP 500: {
  ""error"": {
    ""code"": 500,
    ""message"": ""Lighthouse returned error: Something went wrong."",
    ""errors"": [
      {
        ""message"": ""Lighthouse returned error: Something went wrong."",
        ""domain"": ""lighthouse"",
        ""reason"": ""lighthouseError""
      }
    ]
  }
}
"
20260907T034215Z,https://wewine.vn/michele-chiarlo-montemareto-nizza/,mobile,24,2252,14150,0.5240241125883283,747,11249,22399,2911,3531,1,221,2073,ok
20260907T034215Z,https://wewine.vn/michele-chiarlo-montemareto-nizza/,desktop,,,,,,,,,,,,,"error: HTTP 500: {
  ""error"": {
    ""code"": 500,
    ""message"": ""Lighthouse returned error: Something went wrong."",
    ""errors"": [
      {
        ""message"": ""Lighthouse returned error: Something went wrong."",
        ""domain"": ""lighthouse"",
        ""reason"": ""lighthouseError""
      }
    ]
  }
}
"
20260907T090756Z,https://wewine.vn/,mobile,41,2252,11765,0.11698310097330915,699,18041,21049,2439,3078,14,183,1603,ok
20260907T090756Z,https://wewine.vn/,desktop,38,472,5863,0.011552941055219914,944,5579,5869,2575,2987,0,84,1977,ok
20260907T090756Z,https://wewine.vn/cac-vung-ruou-vang-phap-noi-tieng-nhat/,mobile,59,2252,2627,0.02460708544050605,1501,11032,19364,2973,3582,1,216,2101,ok
20260907T090756Z,https://wewine.vn/cac-vung-ruou-vang-phap-noi-tieng-nhat/,desktop,79,472,789,0.010383644312864801,331,2740,3481,2729,3132,4,95,2195,ok
20260907T090756Z,https://wewine.vn/quoc-gia/phap/,mobile,51,2253,4203,0.0002056679090944417,1102,12279,25623,2973,3582,1,216,2101,ok
20260907T090756Z,https://wewine.vn/quoc-gia/phap/,desktop,60,480,1974,0.037210737265861785,697,2242,3728,2729,3132,4,95,2195,ok
20260907T090756Z,https://wewine.vn/michele-chiarlo-montemareto-nizza/,mobile,46,2252,14194,0.0007713999853894982,696,15240,22075,2973,3582,1,216,2101,ok
20260907T090756Z,https://wewine.vn/michele-chiarlo-montemareto-nizza/,desktop,71,482,2797,0.0010979482240317544,189,3396,3228,2729,3132,4,95,2195,ok
20260907T153821Z,https://wewine.vn/,mobile,28,2252,31203,0.2068312561150927,1382,15107,31263,2439,3078,14,183,1603,ok
20260907T153821Z,https://wewine.vn/,desktop,50,471,6803,0.011553078275034292,365,4604,6811,2575,2987,0,84,1977,ok
20260907T153821Z,https://wewine.vn/cac-vung-ruou-vang-phap-noi-tieng-nhat/,mobile,68,2252,3402,0.02460708544050605,533,7524,19140,2973,3582,1,216,2101,ok
20260907T153821Z,https://wewine.vn/cac-vung-ruou-vang-phap-noi-tieng-nhat/,desktop,,,,,,,,,,,,,"error: HTTP 500: {
  ""error"": {
    ""code"": 500,
    ""message"": ""Lighthouse returned error: Something went wrong."",
    ""errors"": [
      {
        ""message"": ""Lighthouse returned error: Something went wrong."",
        ""domain"": ""lighthouse"",
        ""reason"": ""lighthouseError""
      }
    ]
  }
}
"
20260907T153821Z,https://wewine.vn/quoc-gia/phap/,mobile,50,2252,5072,0.07219834044166086,802,9658,25114,2973,3582,1,216,2101,ok
20260907T153821Z,https://wewine.vn/quoc-gia/phap/,desktop,46,494,3723,0.03210850291534094,1050,2444,4240,2729,3132,4,95,2195,ok
20260907T153821Z,https://wewine.vn/michele-chiarlo-montemareto-nizza/,mobile,44,2252,22128,0.0007713999853894982,792,10854,23080,2973,3582,1,216,2101,ok
20260907T153821Z,https://wewine.vn/michele-chiarlo-montemareto-nizza/,desktop,41,484,5503,0.0016818053543421853,871,3191,5513,2729,3132,4,95,2195,ok
20260907T194430Z,https://wewine.vn/,mobile,35,2252,13026,0.16709748613627443,860,15634,21858,2439,3078,14,183,1603,ok
20260907T194430Z,https://wewine.vn/,desktop,42,485,5823,0.011672917870589264,631,4601,5829,2575,2987,0,84,1977,ok
20260907T194430Z,https://wewine.vn/cac-vung-ruou-vang-phap-noi-tieng-nhat/,mobile,59,2252,2627,0,2372,7215,19366,2973,3582,1,216,2101,ok
20260907T194430Z,https://wewine.vn/cac-vung-ruou-vang-phap-noi-tieng-nhat/,desktop,80,472,800,0.019297294028908736,328,2576,3591,2729,3132,4,95,2195,ok
20260907T194430Z,https://wewine.vn/quoc-gia/phap/,mobile,66,2252,4727,0.0002056679090944417,298,9388,22369,2973,3582,1,216,2101,ok
20260907T194430Z,https://wewine.vn/quoc-gia/phap/,desktop,,,,,,,,,,,,,"error: HTTP 500: {
  ""error"": {
    ""code"": 500,
    ""message"": ""Lighthouse returned error: Something went wrong."",
    ""errors"": [
      {
        ""message"": ""Lighthouse returned error: Something went wrong."",
        ""domain"": ""lighthouse"",
        ""reason"": ""lighthouseError""
      }
    ]
  }
}
"
20260907T194430Z,https://wewine.vn/michele-chiarlo-montemareto-nizza/,mobile,21,2252,29853,0.5240241125883283,1038,8593,30018,2973,3582,1,216,2101,ok
20260907T194430Z,https://wewine.vn/michele-chiarlo-montemareto-nizza/,desktop,43,488,5483,0.0016629613942153343,707,3046,5495,2729,3132,4,95,2195,ok
20260907T223931Z,https://wewine.vn/,mobile,,,,,,,,,,,,,"error: HTTP 500: {
  ""error"": {
    ""code"": 500,
    ""message"": ""Lighthouse returned error: Something went wrong."",
    ""errors"": [
      {
        ""message"": ""Lighthouse returned error: Something went wrong."",
        ""domain"": ""lighthouse"",
        ""reason"": ""lighthouseError""
      }
    ]
  }
}
"
20260907T223931Z,https://wewine.vn/,desktop,38,485,5903,0.03232038934127193,922,5542,5913,2575,2987,0,84,1977,ok
20260907T223931Z,https://wewine.vn/cac-vung-ruou-vang-phap-noi-tieng-nhat/,mobile,62,2402,3693,0,663,8550,19361,2973,3582,1,216,2101,ok
20260907T223931Z,https://wewine.vn/cac-vung-ruou-vang-phap-noi-tieng-nhat/,desktop,71,522,1043,0.01929715680909436,470,3054,3932,2729,3132,4,95,2195,ok
20260907T223931Z,https://wewine.vn/quoc-gia/phap/,mobile,52,2252,4727,0.0002056679090944417,1086,6111,22828,2973,3582,1,216,2101,ok
20260907T223931Z,https://wewine.vn/quoc-gia/phap/,desktop,,,,,,,,,,,,,"error: HTTP 500: {
  ""error"": {
    ""code"": 500,
    ""message"": ""Lighthouse returned error: Something went wrong."",
    ""errors"": [
      {
        ""message"": ""Lighthouse returned error: Something went wrong."",
        ""domain"": ""lighthouse"",
        ""reason"": ""lighthouseError""
      }
    ]
  }
}
"
20260907T223931Z,https://wewine.vn/michele-chiarlo-montemareto-nizza/,mobile,51,2252,13246,0.0007713999853894982,497,11483,21757,2973,3582,1,216,2101,ok
20260907T223931Z,https://wewine.vn/michele-chiarlo-montemareto-nizza/,desktop,,,,,,,,,,,,,"error: HTTP 500: {
  ""error"": {
    ""code"": 500,
    ""message"": ""Lighthouse returned error: Something went wrong."",
    ""errors"": [
      {
        ""message"": ""Lighthouse returned error: Something went wrong."",
        ""domain"": ""lighthouse"",
        ""reason"": ""lighthouseError""
      }
    ]
  }
}
"
20260908T010148Z,https://wewine.vn/,mobile,34,2252,12884,0.2370219019638239,662,14866,22617,2439,3078,14,183,1603,ok
20260908T010148Z,https://wewine.vn/,desktop,36,484,6103,0.03382972886203776,1364,8788,6109,2575,2987,0,84,1977,ok
20260908T010148Z,https://wewine.vn/cac-vung-ruou-vang-phap-noi-tieng-nhat/,mobile,61,2402,3655,0.02460708544050605,708,9082,19583,2973,3582,1,216,2101,ok
20260908T010148Z,https://wewine.vn/cac-vung-ruou-vang-phap-noi-tieng-nhat/,desktop,68,480,814,0.019297294028908736,626,2718,3931,2729,3132,4,95,2195,ok
20260908T010148Z,https://wewine.vn/quoc-gia/phap/,mobile,54,2252,4727,0.0002056679090944417,909,6305,22638,2973,3582,1,216,2101,ok
20260908T010148Z,https://wewine.vn/quoc-gia/phap/,desktop,69,473,2972,0.036176285759195105,261,2210,3567,2729,3132,4,95,2195,ok
20260908T010148Z,https://wewine.vn/michele-chiarlo-montemareto-nizza/,mobile,46,2252,14319,0.0005657320762950565,684,14222,21379,2973,3582,1,216,2101,ok
20260908T010148Z,https://wewine.vn/michele-chiarlo-montemareto-nizza/,desktop,47,486,3034,0.001497950704841958,756,4400,3909,2729,3132,4,95,2195,ok
20260908T054449Z,https://wewine.vn/,mobile,,,,,,,,,,,,,"error: HTTP 500: {
  ""error"": {
    ""code"": 500,
    ""message"": ""Lighthouse returned error: Something went wrong."",
    ""errors"": [
      {
        ""message"": ""Lighthouse returned error: Something went wrong."",
        ""domain"": ""lighthouse"",
        ""reason"": ""lighthouseError""
      }
    ]
  }
}
"
20260908T054449Z,https://wewine.vn/,desktop,,,,,,,,,,,,,"error: HTTP 500: {
  ""error"": {
    ""code"": 500,
    ""message"": ""Lighthouse returned error: Something went wrong."",
    ""errors"": [
      {
        ""message"": ""Lighthouse returned error: Something went wrong."",
        ""domain"": ""lighthouse"",
        ""reason"": ""lighthouseError""
      }
    ]
  }
}
"
20260908T054449Z,https://wewine.vn/cac-vung-ruou-vang-phap-noi-tieng-nhat/,mobile,,,,,,,,,,,,,"error: HTTP 500: {
  ""error"": {
    ""code"": 500,
    ""message"": ""Lighthouse returned error: Something went wrong."",
    ""errors"": [
      {
        ""message"": ""Lighthouse returned error: Something went wrong."",
        ""domain"": ""lighthouse"",
        ""reason"": ""lighthouseError""
      }
    ]
  }
}
"
20260908T054449Z,https://wewine.vn/cac-vung-ruou-vang-phap-noi-tieng-nhat/,desktop,70,518,836,0.02040116617104719,666,2165,3643,2765,3181,4,98,2206,ok
20260908T054449Z,https://wewine.vn/quoc-gia/phap/,mobile,65,2252,3527,0.0002056679090944417,588,8044,22756,3071,3645,1,230,2117,ok
20260908T054449Z,https://wewine.vn/quoc-gia/phap/,desktop,51,475,3109,0.03250475246843028,589,3186,3786,2765,3181,4,98,2206,ok
20260908T054449Z,https://wewine.vn/michele-chiarlo-montemareto-nizza/,mobile,,,,,,,,,,,,,"error: HTTP 500: {
  ""error"": {
    ""code"": 500,
    ""message"": ""Lighthouse returned error: Something went wrong."",
    ""errors"": [
      {
        ""message"": ""Lighthouse returned error: Something went wrong."",
        ""domain"": ""lighthouse"",
        ""reason"": ""lighthouseError""
      }
    ]
  }
}
"
20260908T054449Z,https://wewine.vn/michele-chiarlo-montemareto-nizza/,desktop,39,489,5543,0.004822193630183165,1062,3607,5553,2765,3181,4,98,2206,ok
20260908T105513Z,https://wewine.vn/,mobile,30,2252,13809,0.19390981186970535,1147,20318,22926,2534,3141,17,187,1755,ok
20260908T105513Z,https://wewine.vn/,desktop,,,,,,,,,,,,,"error: HTTP 500: {
  ""error"": {
    ""code"": 500,
    ""message"": ""Lighthouse returned error: Something went wrong."",
    ""errors"": [
      {
        ""message"": ""Lighthouse returned error: Something went wrong."",
        ""domain"": ""lighthouse"",
        ""reason"": ""lighthouseError""
      }
    ]
  }
}
"
20260908T105513Z,https://wewine.vn/cac-vung-ruou-vang-phap-noi-tieng-nhat/,mobile,40,2252,2627,0.3718104495747266,1956,8728,19308,3071,3645,1,230,2117,ok
20260908T105513Z,https://wewine.vn/cac-vung-ruou-vang-phap-noi-tieng-nhat/,desktop,63,496,853,0.018723719035475588,1098,3267,3658,2765,3181,4,98,2206,ok
20260908T105513Z,https://wewine.vn/quoc-gia/phap/,mobile,55,2252,4727,0.0002056679090944417,797,6890,22407,3071,3645,1,230,2117,ok
20260908T105513Z,https://wewine.vn/quoc-gia/phap/,desktop,,,,,,,,,,,,,"error: HTTP 500: {
  ""error"": {
    ""code"": 500,
    ""message"": ""Lighthouse returned error: Something went wrong."",
    ""errors"": [
      {
        ""message"": ""Lighthouse returned error: Something went wrong."",
        ""domain"": ""lighthouse"",
        ""reason"": ""lighthouseError""
      }
    ]
  }
}
"
20260908T105513Z,https://wewine.vn/michele-chiarlo-montemareto-nizza/,mobile,,,,,,,,,,,,,"error: HTTP 500: {
  ""error"": {
    ""code"": 500,
    ""message"": ""Lighthouse returned error: Something went wrong."",
    ""errors"": [
      {
        ""message"": ""Lighthouse returned error: Something went wrong."",
        ""domain"": ""lighthouse"",
        ""reason"": ""lighthouseError""
      }
    ]
  }
}
"
20260908T105513Z,https://wewine.vn/michele-chiarlo-montemareto-nizza/,desktop,,,,,,,,,,,,,"error: HTTP 500: {
  ""error"": {
    ""code"": 500,
    ""message"": ""Lighthouse returned error: Something went wrong."",
    ""errors"": [
      {
        ""message"": ""Lighthouse returned error: Something went wrong."",
        ""domain"": ""lighthouse"",
        ""reason"": ""lighthouseError""
      }
    ]
  }
}
"
20260908T150212Z,https://wewine.vn/,mobile,26,2252,29028,0.1946500392968995,1940,16359,29081,2534,3141,17,187,1755,ok
20260908T150212Z,https://wewine.vn/,desktop,38,511,4743,0.007888757551878118,1870,6181,5433,2591,3000,0,88,1974,ok
20260908T150212Z,https://wewine.vn/cac-vung-ruou-vang-phap-noi-tieng-nhat/,mobile,63,2402,2627,0,1082,8293,19399,3071,3645,1,230,2117,ok
20260908T150212Z,https://wewine.vn/cac-vung-ruou-vang-phap-noi-tieng-nhat/,desktop,75,522,925,0.019775714445976714,483,1916,3762,2765,3181,4,98,2206,ok
20260908T150212Z,https://wewine.vn/quoc-gia/phap/,mobile,46,2252,6902,0.0002056679090944417,806,10032,22710,3071,3645,1,230,2117,ok
20260908T150212Z,https://wewine.vn/quoc-gia/phap/,desktop,59,472,5623,0.11531350535934509,245,2246,5633,2765,3181,4,98,2206,ok
20260908T150212Z,https://wewine.vn/michele-chiarlo-montemareto-nizza/,mobile,23,2252,22428,0.5240241125883283,779,11020,23132,3071,3645,1,230,2117,ok
20260908T150212Z,https://wewine.vn/michele-chiarlo-montemareto-nizza/,desktop,64,482,5463,0.0016629613942153343,215,2330,5477,2765,3181,4,98,2206,ok
20260908T182557Z,https://wewine.vn/,mobile,29,2252,19353,0.1595395518750536,1813,15509,22270,2534,3141,17,187,1755,ok
20260908T182557Z,https://wewine.vn/,desktop,37,491,5803,0.007888757551878118,1124,6130,5811,2591,3000,0,88,1974,ok
20260908T182557Z,https://wewine.vn/cac-vung-ruou-vang-phap-noi-tieng-nhat/,mobile,72,2402,3606,0.02460708544050605,306,9316,15805,3071,3645,1,230,2117,ok
20260908T182557Z,https://wewine.vn/cac-vung-ruou-vang-phap-noi-tieng-nhat/,desktop,67,522,944,0.01929715680909436,665,2776,4086,2765,3181,4,98,2206,ok
20260908T182557Z,https://wewine.vn/quoc-gia/phap/,mobile,63,2252,4727,0.0002056679090944417,365,9009,22734,3071,3645,1,230,2117,ok
20260908T182557Z,https://wewine.vn/quoc-gia/phap/,desktop,43,488,4223,0.032527329248351874,851,3148,4229,2765,3181,4,98,2206,ok
20260908T182557Z,https://wewine.vn/michele-chiarlo-montemareto-nizza/,mobile,44,2252,21228,0.0007713999853894982,786,12077,23197,3071,3645,1,230,2117,ok
20260908T182557Z,https://wewine.vn/michele-chiarlo-montemareto-nizza/,desktop,42,492,5424,0.0016629613942153343,718,3554,5434,2765,3181,4,98,2206,ok
20260908T214311Z,https://wewine.vn/,mobile,49,2252,11721,0.15850737460701403,321,14722,21650,2534,3141,17,187,1755,ok
20260908T214311Z,https://wewine.vn/,desktop,38,482,5883,0.007888757551878118,947,5923,5891,2591,3000,0,88,1974,ok
20260908T214311Z,https://wewine.vn/cac-vung-ruou-vang-phap-noi-tieng-nhat/,mobile,,,,,,,,,,,,,"error: HTTP 500: {
  ""error"": {
    ""code"": 500,
    ""message"": ""Lighthouse returned error: Something went wrong."",
    ""errors"": [
      {
        ""message"": ""Lighthouse returned error: Something went wrong."",
        ""domain"": ""lighthouse"",
        ""reason"": ""lighthouseError""
      }
    ]
  }
}
"
20260908T214311Z,https://wewine.vn/cac-vung-ruou-vang-phap-noi-tieng-nhat/,desktop,,,,,,,,,,,,,"error: HTTP 500: {
  ""error"": {
    ""code"": 500,
    ""message"": ""Lighthouse returned error: Something went wrong."",
    ""errors"": [
      {
        ""message"": ""Lighthouse returned error: Something went wrong."",
        ""domain"": ""lighthouse"",
        ""reason"": ""lighthouseError""
      }
    ]
  }
}
"
20260908T214311Z,https://wewine.vn/quoc-gia/phap/,mobile,77,2252,3527,0.0002056679090944417,154,10104,19957,3071,3645,1,230,2117,ok
20260908T214311Z,https://wewine.vn/quoc-gia/phap/,desktop,48,494,2888,0.0842615380293519,875,2653,3966,2765,3181,4,98,2206,ok
20260908T214311Z,https://wewine.vn/michele-chiarlo-montemareto-nizza/,mobile,44,2252,21528,0.005499148876998827,887,8904,22565,3071,3645,1,230,2117,ok
20260908T214311Z,https://wewine.vn/michele-chiarlo-montemareto-nizza/,desktop,42,482,5503,0.0016631701835799551,760,3162,5513,2765,3181,4,98,2206,ok
20260908T235747Z,https://wewine.vn/,mobile,34,2252,12050,0.1158781322857658,1392,21550,22160,2534,3141,17,187,1755,ok
20260908T235747Z,https://wewine.vn/,desktop,38,485,6043,0.010513754195487841,991,6520,6047,2591,3000,0,88,1974,ok
20260908T235747Z,https://wewine.vn/cac-vung-ruou-vang-phap-noi-tieng-nhat/,mobile,69,2252,3344,0.02460708544050605,545,6880,19289,3071,3645,1,230,2117,ok
20260908T235747Z,https://wewine.vn/cac-vung-ruou-vang-phap-noi-tieng-nhat/,desktop,72,523,992,0.01872358181566121,401,3752,3761,2765,3181,4,98,2206,ok
20260908T235747Z,https://wewine.vn/quoc-gia/phap/,mobile,69,2252,3527,0.0002056679090944417,384,12540,22443,3071,3645,1,230,2117,ok
20260908T235747Z,https://wewine.vn/quoc-gia/phap/,desktop,38,511,5343,0.07285967949458348,1553,3449,5349,2765,3181,4,98,2206,ok
20260908T235747Z,https://wewine.vn/michele-chiarlo-montemareto-nizza/,mobile,55,2252,22278,0.0007713999853894982,360,10569,23029,3071,3645,1,230,2117,ok
20260908T235747Z,https://wewine.vn/michele-chiarlo-montemareto-nizza/,desktop,47,489,5043,0.0020631726643901586,640,2449,5051,2765,3181,4,98,2206,ok
20260909T035208Z,https://wewine.vn/,mobile,33,2252,9174,0.12766657535222553,1389,14691,21791,2534,3141,17,187,1755,ok
20260909T035208Z,https://wewine.vn/,desktop,37,518,5343,0.007888757551878118,2562,6611,6939,2591,3000,0,88,1974,ok
20260909T035208Z,https://wewine.vn/cac-vung-ruou-vang-phap-noi-tieng-nhat/,mobile,66,2252,2627,0,872,9080,19477,3071,3645,1,230,2117,ok
20260909T035208Z,https://wewine.vn/cac-vung-ruou-vang-phap-noi-tieng-nhat/,desktop,,,,,,,,,,,,,"error: HTTP 500: {
  ""error"": {
    ""code"": 500,
    ""message"": ""Lighthouse returned error: Something went wrong."",
    ""errors"": [
      {
        ""message"": ""Lighthouse returned error: Something went wrong."",
        ""domain"": ""lighthouse"",
        ""reason"": ""lighthouseError""
      }
    ]
  }
}
"
20260909T035208Z,https://wewine.vn/quoc-gia/phap/,mobile,57,2252,4727,0.0002056679090944417,599,9764,22450,3071,3645,1,230,2117,ok
20260909T035208Z,https://wewine.vn/quoc-gia/phap/,desktop,67,522,2969,0.03250475246843028,260,2799,3794,2765,3181,4,98,2206,ok
20260909T035208Z,https://wewine.vn/michele-chiarlo-montemareto-nizza/,mobile,22,2252,22578,0.5240241125883283,938,8862,23049,3071,3645,1,230,2117,ok
20260909T035208Z,https://wewine.vn/michele-chiarlo-montemareto-nizza/,desktop,68,482,2967,0.0016629613942153343,217,3711,3861,2765,3181,4,98,2206,ok
20260909T085100Z,https://wewine.vn/,mobile,,,,,,,,,,,,,"error: HTTP 500: {
  ""error"": {
    ""code"": 500,
    ""message"": ""Lighthouse returned error: Something went wrong."",
    ""errors"": [
      {
        ""message"": ""Lighthouse returned error: Something went wrong."",
        ""domain"": ""lighthouse"",
        ""reason"": ""lighthouseError""
      }
    ]
  }
}
"
20260909T085100Z,https://wewine.vn/,desktop,36,561,5583,0.007888757551878118,4921,9264,10518,2614,3054,0,90,1994,ok
20260909T085100Z,https://wewine.vn/cac-vung-ruou-vang-phap-noi-tieng-nhat/,mobile,61,2402,3697,0,668,11489,19496,3093,3644,1,234,2135,ok
20260909T085100Z,https://wewine.vn/cac-vung-ruou-vang-phap-noi-tieng-nhat/,desktop,75,522,953,0.019297294028908736,375,3109,3743,2792,3228,4,101,2240,ok
20260909T085100Z,https://wewine.vn/quoc-gia/phap/,mobile,59,2252,4727,0.06909303547642813,453,10338,22391,3093,3644,1,234,2135,ok
20260909T085100Z,https://wewine.vn/quoc-gia/phap/,desktop,46,484,4003,0.037316009195990825,688,3044,4011,2792,3228,4,101,2240,ok
20260909T085100Z,https://wewine.vn/michele-chiarlo-montemareto-nizza/,mobile,,,,,,,,,,,,,"error: HTTP 500: {
  ""error"": {
    ""code"": 500,
    ""message"": ""Lighthouse returned error: Something went wrong."",
    ""errors"": [
      {
        ""message"": ""Lighthouse returned error: Something went wrong."",
        ""domain"": ""lighthouse"",
        ""reason"": ""lighthouseError""
      }
    ]
  }
}
"
20260909T085100Z,https://wewine.vn/michele-chiarlo-montemareto-nizza/,desktop,48,482,2959,0.004822193630183165,1012,2738,3998,2792,3228,4,101,2240,ok
20260909T133543Z,https://wewine.vn/,mobile,37,2252,13328,0.18557250715804216,710,19017,22170,2539,3141,17,193,1789,ok
20260909T133543Z,https://wewine.vn/,desktop,,,,,,,,,,,,,"error: HTTP 500: {
  ""error"": {
    ""code"": 500,
    ""message"": ""Lighthouse returned error: Something went wrong."",
    ""errors"": [
      {
        ""message"": ""Lighthouse returned error: Something went wrong."",
        ""domain"": ""lighthouse"",
        ""reason"": ""lighthouseError""
      }
    ]
  }
}
"
20260909T133543Z,https://wewine.vn/cac-vung-ruou-vang-phap-noi-tieng-nhat/,mobile,58,2252,3571,0,1069,7903,19553,3093,3644,1,234,2135,ok
20260909T133543Z,https://wewine.vn/cac-vung-ruou-vang-phap-noi-tieng-nhat/,desktop,70,522,927,0.01949644679841773,545,2803,3723,2792,3228,4,101,2240,ok
20260909T133543Z,https://wewine.vn/quoc-gia/phap/,mobile,63,2252,4727,0.0002056679090944417,449,7189,22592,3093,3644,1,234,2135,ok
20260909T133543Z,https://wewine.vn/quoc-gia/phap/,desktop,50,514,2883,0.033425941519708825,3111,2128,5928,2792,3228,4,101,2240,ok
20260909T133543Z,https://wewine.vn/michele-chiarlo-montemareto-nizza/,mobile,46,2252,15035,0.0007713999853894982,660,13241,20907,3093,3644,1,234,2135,ok
20260909T133543Z,https://wewine.vn/michele-chiarlo-montemareto-nizza/,desktop,38,499,5223,0.004811382078880004,1895,3512,5320,2792,3228,4,101,2240,ok
20260909T174316Z,https://wewine.vn/,mobile,32,2252,30828,0.16292707343147425,1187,14661,30881,2539,3141,17,193,1789,ok
20260909T174316Z,https://wewine.vn/,desktop,,,,,,,,,,,,,"error: HTTP 500: {
  ""error"": {
    ""code"": 500,
    ""message"": ""Lighthouse returned error: Something went wrong."",
    ""errors"": [
      {
        ""message"": ""Lighthouse returned error: Something went wrong."",
        ""domain"": ""lighthouse"",
        ""reason"": ""lighthouseError""
      }
    ]
  }
}
"
20260909T174316Z,https://wewine.vn/cac-vung-ruou-vang-phap-noi-tieng-nhat/,mobile,56,2252,2627,0,2492,11070,19429,3093,3644,1,234,2135,ok
20260909T174316Z,https://wewine.vn/cac-vung-ruou-vang-phap-noi-tieng-nhat/,desktop,65,522,997,0.01949644679841773,722,3219,3748,2792,3228,4,101,2240,ok
20260909T174316Z,https://wewine.vn/quoc-gia/phap/,mobile,,,,,,,,,,,,,"error: HTTP 500: {
  ""error"": {
    ""code"": 500,
    ""message"": ""Lighthouse returned error: Something went wrong."",
    ""errors"": [
      {
        ""message"": ""Lighthouse returned error: Something went wrong."",
        ""domain"": ""lighthouse"",
        ""reason"": ""lighthouseError""
      }
    ]
  }
}
"
20260909T174316Z,https://wewine.vn/quoc-gia/phap/,desktop,42,492,3983,0.03692300452247765,1243,3364,4404,2792,3228,4,101,2240,ok
20260909T174316Z,https://wewine.vn/michele-chiarlo-montemareto-nizza/,mobile,49,2252,23478,0.0007713999853894982,581,9983,23841,3093,3644,1,234,2135,ok
20260909T174316Z,https://wewine.vn/michele-chiarlo-montemareto-nizza/,desktop,52,482,5483,0.0016629613942153343,369,3463,5495,2792,3228,4,101,2240,ok
20260909T204324Z,https://wewine.vn/,mobile,36,2252,12521,0.1600188145036163,839,16552,22108,2539,3141,17,193,1789,ok
20260909T204324Z,https://wewine.vn/,desktop,,,,,,,,,,,,,"error: HTTP 500: {
  ""error"": {
    ""code"": 500,
    ""message"": ""Lighthouse returned error: Something went wrong."",
    ""errors"": [
      {
        ""message"": ""Lighthouse returned error: Something went wrong."",
        ""domain"": ""lighthouse"",
        ""reason"": ""lighthouseError""
      }
    ]
  }
}
"
20260909T204324Z,https://wewine.vn/cac-vung-ruou-vang-phap-noi-tieng-nhat/,mobile,,,,,,,,,,,,,"error: HTTP 500: {
  ""error"": {
    ""code"": 500,
    ""message"": ""Lighthouse returned error: Something went wrong."",
    ""errors"": [
      {
        ""message"": ""Lighthouse returned error: Something went wrong."",
        ""domain"": ""lighthouse"",
        ""reason"": ""lighthouseError""
      }
    ]
  }
}
"
20260909T204324Z,https://wewine.vn/cac-vung-ruou-vang-phap-noi-tieng-nhat/,desktop,67,486,827,0.01929715680909436,578,3726,3735,2792,3228,4,101,2240,ok
20260909T204324Z,https://wewine.vn/quoc-gia/phap/,mobile,,,,,,,,,,,,,"error: HTTP 500: {
  ""error"": {
    ""code"": 500,
    ""message"": ""Lighthouse returned error: Something went wrong."",
    ""errors"": [
      {
        ""message"": ""Lighthouse returned error: Something went wrong."",
        ""domain"": ""lighthouse"",
        ""reason"": ""lighthouseError""
      }
    ]
  }
}
"
20260909T204324Z,https://wewine.vn/quoc-gia/phap/,desktop,,,,,,,,,,,,,"error: HTTP 500: {
  ""error"": {
    ""code"": 500,
    ""message"": ""Lighthouse returned error: Something went wrong."",
    ""errors"": [
      {
        ""message"": ""Lighthouse returned error: Something went wrong."",
        ""domain"": ""lighthouse"",
        ""reason"": ""lighthouseError""
      }
    ]
  }
}
"
20260909T204324Z,https://wewine.vn/michele-chiarlo-montemareto-nizza/,mobile,,,,,,,,,,,,,"error: HTTP 500: {
  ""error"": {
    ""code"": 500,
    ""message"": ""Lighthouse returned error: Something went wrong."",
    ""errors"": [
      {
        ""message"": ""Lighthouse returned error: Something went wrong."",
        ""domain"": ""lighthouse"",
        ""reason"": ""lighthouseError""
      }
    ]
  }
}
"
20260909T204324Z,https://wewine.vn/michele-chiarlo-montemareto-nizza/,desktop,,,,,,,,,,,,,"error: HTTP 500: {
  ""error"": {
    ""code"": 500,
    ""message"": ""Lighthouse returned error: Something went wrong."",
    ""errors"": [
      {
        ""message"": ""Lighthouse returned error: Something went wrong."",
        ""domain"": ""lighthouse"",
        ""reason"": ""lighthouseError""
      }
    ]
  }
}
"
20260909T230458Z,https://wewine.vn/,mobile,45,2252,11721,0.2018931395446287,330,15141,22228,2539,3141,17,193,1789,ok
20260909T230458Z,https://wewine.vn/,desktop,39,493,5963,0.007888757551878118,853,5679,5967,2614,3054,0,90,1994,ok
20260909T230458Z,https://wewine.vn/cac-vung-ruou-vang-phap-noi-tieng-nhat/,mobile,59,2252,3364,0.02460708544050605,1024,8646,19386,,,,,,ok
20260909T230458Z,https://wewine.vn/cac-vung-ruou-vang-phap-noi-tieng-nhat/,desktop,75,482,853,0.019297294028908736,342,5355,3142,2792,3228,4,101,2240,ok
20260909T230458Z,https://wewine.vn/quoc-gia/phap/,mobile,53,2252,4727,0.0002056679090944417,815,9304,22589,3093,3644,1,234,2135,ok
20260909T230458Z,https://wewine.vn/quoc-gia/phap/,desktop,38,652,5163,0.03773737331682278,5143,3622,9241,2792,3228,4,101,2240,ok
20260909T230458Z,https://wewine.vn/michele-chiarlo-montemareto-nizza/,mobile,34,2252,30753,0.0009055289518350399,3105,12711,30948,3093,3644,1,234,2135,ok
20260909T230458Z,https://wewine.vn/michele-chiarlo-montemareto-nizza/,desktop,41,511,5343,0.004822193630183165,941,3006,5353,2792,3228,4,101,2240,ok
20260910T010059Z,https://wewine.vn/,mobile,24,2252,30453,0.2021002828332719,2609,17628,30513,2539,3141,17,193,1789,ok
20260910T010059Z,https://wewine.vn/,desktop,46,479,4483,0.010534288326693515,525,5338,4630,2614,3054,0,90,1994,ok
20260910T010059Z,https://wewine.vn/cac-vung-ruou-vang-phap-noi-tieng-nhat/,mobile,61,2252,3552,0.02460708544050605,771,9293,19348,3093,3644,1,234,2135,ok
20260910T010059Z,https://wewine.vn/cac-vung-ruou-vang-phap-noi-tieng-nhat/,desktop,72,523,986,0.018723719035475588,412,4140,4249,2792,3228,4,101,2240,ok
20260910T010059Z,https://wewine.vn/quoc-gia/phap/,mobile,44,2252,4727,0.08859403459651559,2202,6983,24158,3093,3644,1,234,2135,ok
20260910T010059Z,https://wewine.vn/quoc-gia/phap/,desktop,53,477,3046,0.03250475246843028,503,3994,4002,2792,3228,4,101,2240,ok
20260910T010059Z,https://wewine.vn/michele-chiarlo-montemareto-nizza/,mobile,57,2402,13690,0.0007713999853894982,261,14399,22679,3093,3644,1,234,2135,ok
20260910T010059Z,https://wewine.vn/michele-chiarlo-montemareto-nizza/,desktop,41,494,4583,0.006474552262459959,1667,2715,4593,2792,3228,4,101,2240,ok
20260910T054407Z,https://wewine.vn/,mobile,24,2252,31128,0.19390981186970535,2946,21077,31181,2560,3211,17,195,1789,ok
20260910T054407Z,https://wewine.vn/,desktop,39,479,6483,0.01155338567342765,767,6055,6539,2595,3039,0,93,1988,ok
20260910T054407Z,https://wewine.vn/cac-vung-ruou-vang-phap-noi-tieng-nhat/,mobile,51,2252,3478,0,2154,10724,19259,3133,3715,1,237,2136,ok
20260910T054407Z,https://wewine.vn/cac-vung-ruou-vang-phap-noi-tieng-nhat/,desktop,85,527,963,0.01929715680909436,183,4043,3763,2799,3235,4,102,2244,ok
20260910T054407Z,https://wewine.vn/quoc-gia/phap/,mobile,63,2252,6597,0.06909303547642813,159,8768,18977,3133,3715,1,237,2136,ok
20260910T054407Z,https://wewine.vn/quoc-gia/phap/,desktop,53,487,2215,0.09292071303152552,1177,2076,4197,2799,3235,4,102,2244,ok
20260910T054407Z,https://wewine.vn/michele-chiarlo-montemareto-nizza/,mobile,43,2252,23253,0.0007713999853894982,835,13076,24283,3133,3715,1,237,2136,ok
20260910T054407Z,https://wewine.vn/michele-chiarlo-montemareto-nizza/,desktop,39,525,5283,0.001665473158986597,1471,3424,5295,2799,3235,4,102,2244,ok
20260910T105653Z,https://wewine.vn/,mobile,25,2252,19203,0.192981983185897,2252,16203,22887,2560,3211,17,195,1789,ok
20260910T105653Z,https://wewine.vn/,desktop,,,,,,,,,,,,,"error: HTTP 500: {
  ""error"": {
    ""code"": 500,
    ""message"": ""Lighthouse returned error: Something went wrong."",
    ""errors"": [
      {
        ""message"": ""Lighthouse returned error: Something went wrong."",
        ""domain"": ""lighthouse"",
        ""reason"": ""lighthouseError""
      }
    ]
  }
}
"
20260910T105653Z,https://wewine.vn/cac-vung-ruou-vang-phap-noi-tieng-nhat/,mobile,,,,,,,,,,,,,"error: HTTP 500: {
  ""error"": {
    ""code"": 500,
    ""message"": ""Lighthouse returned error: Something went wrong."",
    ""errors"": [
      {
        ""message"": ""Lighthouse returned error: Something went wrong."",
        ""domain"": ""lighthouse"",
        ""reason"": ""lighthouseError""
      }
    ]
  }
}
"
20260910T105653Z,https://wewine.vn/cac-vung-ruou-vang-phap-noi-tieng-nhat/,desktop,62,490,872,0.01872358181566121,827,4657,3740,2799,3235,4,102,2244,ok
20260910T105653Z,https://wewine.vn/quoc-gia/phap/,mobile,,,,,,,,,,,,,"error: HTTP 500: {
  ""error"": {
    ""code"": 500,
    ""message"": ""Lighthouse returned error: Something went wrong."",
    ""errors"": [
      {
        ""message"": ""Lighthouse returned error: Something went wrong."",
        ""domain"": ""lighthouse"",
        ""reason"": ""lighthouseError""
      }
    ]
  }
}
"
20260910T105653Z,https://wewine.vn/quoc-gia/phap/,desktop,,,,,,,,,,,,,"error: HTTP 500: {
  ""error"": {
    ""code"": 500,
    ""message"": ""Lighthouse returned error: Something went wrong."",
    ""errors"": [
      {
        ""message"": ""Lighthouse returned error: Something went wrong."",
        ""domain"": ""lighthouse"",
        ""reason"": ""lighthouseError""
      }
    ]
  }
}
"
20260910T105653Z,https://wewine.vn/michele-chiarlo-montemareto-nizza/,mobile,,,,,,,,,,,,,"error: HTTP 500: {
  ""error"": {
    ""code"": 500,
    ""message"": ""Lighthouse returned error: Something went wrong."",
    ""errors"": [
      {
        ""message"": ""Lighthouse returned error: Something went wrong."",
        ""domain"": ""lighthouse"",
        ""reason"": ""lighthouseError""
      }
    ]
  }
}
"
20260910T105653Z,https://wewine.vn/michele-chiarlo-montemareto-nizza/,desktop,,,,,,,,,,,,,"error: HTTP 500: {
  ""error"": {
    ""code"": 500,
    ""message"": ""Lighthouse returned error: Something went wrong."",
    ""errors"": [
      {
        ""message"": ""Lighthouse returned error: Something went wrong."",
        ""domain"": ""lighthouse"",
        ""reason"": ""lighthouseError""
      }
    ]
  }
}
"
20260910T145702Z,https://wewine.vn/,mobile,,,,,,,,,,,,,"error: HTTP 500: {
  ""error"": {
    ""code"": 500,
    ""message"": ""Lighthouse returned error: Something went wrong."",
    ""errors"": [
      {
        ""message"": ""Lighthouse returned error: Something went wrong."",
        ""domain"": ""lighthouse"",
        ""reason"": ""lighthouseError""
      }
    ]
  }
}
"
20260910T145702Z,https://wewine.vn/,desktop,38,477,6663,0.007888757551878118,933,5597,6673,2595,3039,0,93,1988,ok
20260910T145702Z,https://wewine.vn/cac-vung-ruou-vang-phap-noi-tieng-nhat/,mobile,,,,,,,,,,,,,"error: HTTP 500: {
  ""error"": {
    ""code"": 500,
    ""message"": ""Lighthouse returned error: Something went wrong."",
    ""errors"": [
      {
        ""message"": ""Lighthouse returned error: Something went wrong."",
        ""domain"": ""lighthouse"",
        ""reason"": ""lighthouseError""
      }
    ]
  }
}
"
20260910T145702Z,https://wewine.vn/cac-vung-ruou-vang-phap-noi-tieng-nhat/,desktop,71,478,799,0.019297294028908736,509,2754,3665,2799,3235,4,102,2244,ok
20260910T145702Z,https://wewine.vn/quoc-gia/phap/,mobile,,,,,,,,,,,,,"error: HTTP 500: {
  ""error"": {
    ""code"": 500,
    ""message"": ""Lighthouse returned error: Something went wrong."",
    ""errors"": [
      {
        ""message"": ""Lighthouse returned error: Something went wrong."",
        ""domain"": ""lighthouse"",
        ""reason"": ""lighthouseError""
      }
    ]
  }
}
"
20260910T145702Z,https://wewine.vn/quoc-gia/phap/,desktop,58,477,2395,0.037445387360319445,831,1676,3852,2799,3235,4,102,2244,ok
20260910T145702Z,https://wewine.vn/michele-chiarlo-montemareto-nizza/,mobile,,,,,,,,,,,,,"error: HTTP 500: {
  ""error"": {
    ""code"": 500,
    ""message"": ""Lighthouse returned error: Something went wrong."",
    ""errors"": [
      {
        ""message"": ""Lighthouse returned error: Something went wrong."",
        ""domain"": ""lighthouse"",
        ""reason"": ""lighthouseError""
      }
    ]
  }
}
"
20260910T145702Z,https://wewine.vn/michele-chiarlo-montemareto-nizza/,desktop,,,,,,,,,,,,,"error: HTTP 500: {
  ""error"": {
    ""code"": 500,
    ""message"": ""Lighthouse returned error: Something went wrong."",
    ""errors"": [
      {
        ""message"": ""Lighthouse returned error: Something went wrong."",
        ""domain"": ""lighthouse"",
        ""reason"": ""lighthouseError""
      }
    ]
  }
}
"
20260910T181411Z,https://wewine.vn/,mobile,36,2252,31803,0.2152462956916099,636,15778,31848,2560,3211,17,195,1789,ok
20260910T181411Z,https://wewine.vn/,desktop,37,489,5763,0.007888757551878118,1230,5661,5771,2595,3039,0,93,1988,ok
20260910T181411Z,https://wewine.vn/cac-vung-ruou-vang-phap-noi-tieng-nhat/,mobile,61,2252,3582,0.02460708544050605,808,8203,19420,3133,3715,1,237,2136,ok
20260910T181411Z,https://wewine.vn/cac-vung-ruou-vang-phap-noi-tieng-nhat/,desktop,89,562,919,0.01929715680909436,189,2222,3556,2799,3235,4,102,2244,ok
20260910T181411Z,https://wewine.vn/quoc-gia/phap/,mobile,63,2252,4727,0.0002056679090944417,356,11092,22484,3133,3715,1,237,2136,ok
20260910T181411Z,https://wewine.vn/quoc-gia/phap/,desktop,,,,,,,,,,,,,"error: HTTP 500: {
  ""error"": {
    ""code"": 500,
    ""message"": ""Lighthouse returned error: Something went wrong."",
    ""errors"": [
      {
        ""message"": ""Lighthouse returned error: Something went wrong."",
        ""domain"": ""lighthouse"",
        ""reason"": ""lighthouseError""
      }
    ]
  }
}
"
20260910T181411Z,https://wewine.vn/michele-chiarlo-montemareto-nizza/,mobile,58,2402,13493,0.0009055289518350399,239,12407,22573,3133,3715,1,237,2136,ok
20260910T181411Z,https://wewine.vn/michele-chiarlo-montemareto-nizza/,desktop,,,,,,,,,,,,,"error: HTTP 500: {
  ""error"": {
    ""code"": 500,
    ""message"": ""Lighthouse returned error: Something went wrong."",
    ""errors"": [
      {
        ""message"": ""Lighthouse returned error: Something went wrong."",
        ""domain"": ""lighthouse"",
        ""reason"": ""lighthouseError""
      }
    ]
  }
}
"
20260910T213029Z,https://wewine.vn/,mobile,31,2252,18828,0.16210420106508955,1318,16644,23450,2560,3211,17,195,1789,ok
20260910T213029Z,https://wewine.vn/,desktop,44,476,5923,0.007888757551878118,553,4670,5939,2595,3039,0,93,1988,ok
20260910T213029Z,https://wewine.vn/cac-vung-ruou-vang-phap-noi-tieng-nhat/,mobile,65,2252,2627,0.02460708544050605,870,11394,18827,3133,3715,1,237,2136,ok
20260910T213029Z,https://wewine.vn/cac-vung-ruou-vang-phap-noi-tieng-nhat/,desktop,64,488,850,0.010204422469680171,819,3141,3864,2799,3235,4,102,2244,ok
20260910T213029Z,https://wewine.vn/quoc-gia/phap/,mobile,63,2252,3527,0.0002056679090944417,646,10178,22474,3133,3715,1,237,2136,ok
20260910T213029Z,https://wewine.vn/quoc-gia/phap/,desktop,44,502,3743,0.033960544904092484,1364,2632,4490,2799,3235,4,102,2244,ok
20260910T213029Z,https://wewine.vn/michele-chiarlo-montemareto-nizza/,mobile,,,,,,,,,,,,,"error: HTTP 500: {
  ""error"": {
    ""code"": 500,
    ""message"": ""Lighthouse returned error: Something went wrong."",
    ""errors"": [
      {
        ""message"": ""Lighthouse returned error: Something went wrong."",
        ""domain"": ""lighthouse"",
        ""reason"": ""lighthouseError""
      }
    ]
  }
}
"
20260910T213029Z,https://wewine.vn/michele-chiarlo-montemareto-nizza/,desktop,42,486,3442,0.004822193630183165,1350,4664,4552,2799,3235,4,102,2244,ok
20260910T235222Z,https://wewine.vn/,mobile,44,2252,22803,0.1158781322857658,594,19274,24664,2560,3211,17,195,1789,ok
20260910T235222Z,https://wewine.vn/,desktop,36,496,5963,0.007888757551878118,1412,7505,6075,2595,3039,0,93,1988,ok
20260910T235222Z,https://wewine.vn/cac-vung-ruou-vang-phap-noi-tieng-nhat/,mobile,74,2402,3694,0.02460708544050605,228,9075,17322,3133,3715,1,237,2136,ok
20260910T235222Z,https://wewine.vn/cac-vung-ruou-vang-phap-noi-tieng-nhat/,desktop,66,522,923,0.01929715680909436,757,2920,4275,2799,3235,4,102,2244,ok
20260910T235222Z,https://wewine.vn/quoc-gia/phap/,mobile,54,2252,4727,0.0002056679090944417,765,7949,22873,3133,3715,1,237,2136,ok
20260910T235222Z,https://wewine.vn/quoc-gia/phap/,desktop,59,491,1780,0.032647306063721224,1238,2177,4222,2799,3235,4,102,2244,ok
20260910T235222Z,https://wewine.vn/michele-chiarlo-montemareto-nizza/,mobile,43,2252,9876,0.0009055289518350399,1125,6854,21917,3133,3715,1,237,2136,ok
20260910T235222Z,https://wewine.vn/michele-chiarlo-montemareto-nizza/,desktop,,,,,,,,,,,,,"error: HTTP 500: {
  ""error"": {
    ""code"": 500,
    ""message"": ""Lighthouse returned error: Something went wrong."",
    ""errors"": [
      {
        ""message"": ""Lighthouse returned error: Something went wrong."",
        ""domain"": ""lighthouse"",
        ""reason"": ""lighthouseError""
      }
    ]
  }
}
"
20260911T034913Z,https://wewine.vn/,mobile,42,2252,13577,0.12271774237500736,690,19492,23391,2560,3211,17,195,1789,ok
20260911T034913Z,https://wewine.vn/,desktop,38,480,6023,0.007888757551878118,940,6323,6041,2595,3039,0,93,1988,ok
20260911T034913Z,https://wewine.vn/cac-vung-ruou-vang-phap-noi-tieng-nhat/,mobile,67,2402,3706,0.02460708544050605,465,8592,20015,3133,3715,1,237,2136,ok
20260911T034913Z,https://wewine.vn/cac-vung-ruou-vang-phap-noi-tieng-nhat/,desktop,71,522,920,0.019297294028908736,502,2741,3802,2799,3235,4,102,2244,ok
20260911T034913Z,https://wewine.vn/quoc-gia/phap/,mobile,59,2252,4727,0.0002056679090944417,577,7371,22750,3133,3715,1,237,2136,ok
20260911T034913Z,https://wewine.vn/quoc-gia/phap/,desktop,55,510,2249,0.03734812454468607,1265,2058,4336,2799,3235,4,102,2244,ok
20260911T034913Z,https://wewine.vn/michele-chiarlo-montemareto-nizza/,mobile,22,2252,14451,0.4327348441057462,971,13110,22159,3133,3715,1,237,2136,ok
20260911T034913Z,https://wewine.vn/michele-chiarlo-montemareto-nizza/,desktop,46,485,2844,0.001497950704841958,1199,3749,4183,2799,3235,4,102,2244,ok
20260911T084708Z,https://wewine.vn/,mobile,31,2252,12592,0.16319250003542257,1308,16836,23171,2560,3211,18,195,1800,ok
20260911T084708Z,https://wewine.vn/,desktop,37,497,5623,0.007888757551878118,1296,5374,5633,2617,3067,0,97,2009,ok
20260911T084708Z,https://wewine.vn/cac-vung-ruou-vang-phap-noi-tieng-nhat/,mobile,57,2252,3543,0,1125,7851,19357,3133,3686,2,236,2135,ok
20260911T084708Z,https://wewine.vn/cac-vung-ruou-vang-phap-noi-tieng-nhat/,desktop,64,480,865,0.01872358181566121,751,3516,3784,2829,3270,4,103,2252,ok
20260911T084708Z,https://wewine.vn/quoc-gia/phap/,mobile,57,2252,7234,0.07219834044166086,291,13557,25294,3133,3686,2,236,2135,ok
20260911T084708Z,https://wewine.vn/quoc-gia/phap/,desktop,53,479,3119,0.032527329248351874,573,2670,3825,2829,3270,4,103,2252,ok
20260911T084708Z,https://wewine.vn/michele-chiarlo-montemareto-nizza/,mobile,38,2252,32328,0.0007713999853894982,1387,14909,32516,3133,3686,2,236,2135,ok
20260911T084708Z,https://wewine.vn/michele-chiarlo-montemareto-nizza/,desktop,43,489,4143,0.0016629613942153343,795,3439,4364,2829,3270,4,103,2252,ok
20260911T132503Z,https://wewine.vn/,mobile,29,2252,33678,0.17729396376226123,1575,14806,33941,2560,3211,18,195,1800,ok
20260911T132503Z,https://wewine.vn/,desktop,39,483,6083,0.007888757551878118,878,5631,6099,2617,3067,0,97,2009,ok
20260911T132503Z,https://wewine.vn/cac-vung-ruou-vang-phap-noi-tieng-nhat/,mobile,68,2402,2627,0,826,6678,19543,3133,3686,2,236,2135,ok
20260911T132503Z,https://wewine.vn/cac-vung-ruou-vang-phap-noi-tieng-nhat/,desktop,88,524,1006,0.01872358181566121,98,4242,3028,2829,3270,4,103,2252,ok
20260911T132503Z,https://wewine.vn/quoc-gia/phap/,mobile,49,2252,4802,0.0002056679090944417,1017,10957,23156,3133,3686,2,236,2135,ok
20260911T132503Z,https://wewine.vn/quoc-gia/phap/,desktop,43,480,4283,0.03250488968824466,708,4471,4287,2829,3270,4,103,2252,ok
20260911T132503Z,https://wewine.vn/michele-chiarlo-montemareto-nizza/,mobile,44,2252,13315,0.0007713999853894982,809,10830,22504,3133,3686,2,236,2135,ok
20260911T132503Z,https://wewine.vn/michele-chiarlo-montemareto-nizza/,desktop,,,,,,,,,,,,,"error: HTTP 500: {
  ""error"": {
    ""code"": 500,
    ""message"": ""Lighthouse returned error: Something went wrong."",
    ""errors"": [
      {
        ""message"": ""Lighthouse returned error: Something went wrong."",
        ""domain"": ""lighthouse"",
        ""reason"": ""lighthouseError""
      }
    ]
  }
}
"
20260911T173938Z,https://wewine.vn/,mobile,28,2252,13250,0.34258624513628894,723,16865,23823,2560,3211,18,195,1800,ok
20260911T173938Z,https://wewine.vn/,desktop,36,520,6123,0.007888757551878118,4127,9669,9212,2617,3067,0,97,2009,ok
20260911T173938Z,https://wewine.vn/cac-vung-ruou-vang-phap-noi-tieng-nhat/,mobile,59,2252,3552,0.02460708544050605,861,11175,18587,3133,3686,2,236,2135,ok
20260911T173938Z,https://wewine.vn/cac-vung-ruou-vang-phap-noi-tieng-nhat/,desktop,66,522,961,0.019775714445976714,636,3320,4123,2829,3270,4,103,2252,ok
20260911T173938Z,https://wewine.vn/quoc-gia/phap/,mobile,61,2252,6902,0.0002056679090944417,217,12257,22754,3133,3686,2,236,2135,ok
20260911T173938Z,https://wewine.vn/quoc-gia/phap/,desktop,63,465,2746,0.03262472928379963,369,2439,3724,2829,3270,4,103,2252,ok
20260911T173938Z,https://wewine.vn/michele-chiarlo-montemareto-nizza/,mobile,52,2252,21603,0.0007713999853894982,469,9997,23814,3133,3686,2,236,2135,ok
20260911T173938Z,https://wewine.vn/michele-chiarlo-montemareto-nizza/,desktop,73,482,2938,0.0010979482240317544,122,4297,3451,2829,3270,4,103,2252,ok
20260911T204320Z,https://wewine.vn/,mobile,28,2252,34128,0.14450697415529748,2343,21085,34361,2560,3211,18,195,1800,ok
20260911T204320Z,https://wewine.vn/,desktop,37,486,5883,0.007888757551878118,1213,6289,5891,2617,3067,0,97,2009,ok
20260911T204320Z,https://wewine.vn/cac-vung-ruou-vang-phap-noi-tieng-nhat/,mobile,57,2252,3584,0.02460708544050605,950,10095,19359,3133,3686,2,236,2135,ok
20260911T204320Z,https://wewine.vn/cac-vung-ruou-vang-phap-noi-tieng-nhat/,desktop,69,490,801,0.019775714445976714,783,1994,3781,2829,3270,4,103,2252,ok
20260911T204320Z,https://wewine.vn/quoc-gia/phap/,mobile,68,2252,4727,0.0002056679090944417,257,7493,22657,3133,3686,2,236,2135,ok
20260911T204320Z,https://wewine.vn/quoc-gia/phap/,desktop,51,477,3320,0.030684031592412418,499,4132,3842,2829,3270,4,103,2252,ok
20260911T204320Z,https://wewine.vn/michele-chiarlo-montemareto-nizza/,mobile,56,2402,13351,0.0005657320762950565,292,12801,22906,3133,3686,2,236,2135,ok
20260911T204320Z,https://wewine.vn/michele-chiarlo-montemareto-nizza/,desktop,41,485,5283,0.004811382078880004,1034,2818,5295,2829,3270,4,103,2252,ok
20260911T230603Z,https://wewine.vn/,mobile,37,2252,14254,0.23442841030743017,530,18139,22286,2560,3211,18,195,1800,ok
20260911T230603Z,https://wewine.vn/,desktop,36,510,5903,0.007888757551878118,2001,6534,6006,2617,3067,0,97,2009,ok
20260911T230603Z,https://wewine.vn/cac-vung-ruou-vang-phap-noi-tieng-nhat/,mobile,54,2252,3544,0,1224,12243,19449,3133,3686,2,236,2135,ok
20260911T230603Z,https://wewine.vn/cac-vung-ruou-vang-phap-noi-tieng-nhat/,desktop,80,522,1020,0.01929715680909436,264,3825,3708,2829,3270,4,103,2252,ok
20260911T230603Z,https://wewine.vn/quoc-gia/phap/,mobile,62,2252,3527,0.0002056679090944417,663,12120,22907,3133,3686,2,236,2135,ok
20260911T230603Z,https://wewine.vn/quoc-gia/phap/,desktop,52,522,4263,0.03250475246843028,435,3261,4269,2829,3270,4,103,2252,ok
20260911T230603Z,https://wewine.vn/michele-chiarlo-montemareto-nizza/,mobile,59,2252,13169,0.0005657320762950565,229,11982,18473,3133,3686,2,236,2135,ok
20260911T230603Z,https://wewine.vn/michele-chiarlo-montemareto-nizza/,desktop,41,489,4163,0.0006794863628403819,1189,4130,4388,2829,3270,4,103,2252,ok
20260912T010415Z,https://wewine.vn/,mobile,32,2252,29103,0.11476580988101506,1852,16631,29148,2560,3211,18,195,1800,ok
20260912T010415Z,https://wewine.vn/,desktop,41,479,5903,0.00925053704980591,660,5966,5909,2617,3067,0,97,2009,ok
20260912T010415Z,https://wewine.vn/cac-vung-ruou-vang-phap-noi-tieng-nhat/,mobile,,,,,,,,,,,,,"error: HTTP 500: {
  ""error"": {
    ""code"": 500,
    ""message"": ""Lighthouse returned error: Something went wrong."",
    ""errors"": [
      {
        ""message"": ""Lighthouse returned error: Something went wrong."",
        ""domain"": ""lighthouse"",
        ""reason"": ""lighthouseError""
      }
    ]
  }
}
"
20260912T010415Z,https://wewine.vn/cac-vung-ruou-vang-phap-noi-tieng-nhat/,desktop,84,524,1012,0.019202139452543565,197,3515,3707,2829,3270,4,103,2252,ok
20260912T010415Z,https://wewine.vn/quoc-gia/phap/,mobile,65,2252,4127,0.07219834044166086,365,9952,25298,3133,3686,2,236,2135,ok
20260912T010415Z,https://wewine.vn/quoc-gia/phap/,desktop,47,477,4243,0.03254376411723983,545,3962,4247,2829,3270,4,103,2252,ok
20260912T010415Z,https://wewine.vn/michele-chiarlo-montemareto-nizza/,mobile,48,2252,21903,0.0007713999853894982,609,12454,23593,3133,3686,2,236,2135,ok
20260912T010415Z,https://wewine.vn/michele-chiarlo-montemareto-nizza/,desktop,62,522,4183,0.0009834750313749525,219,4391,4189,2829,3270,4,103,2252,ok
20260912T053842Z,https://wewine.vn/,mobile,43,2252,13900,0.21536656863242323,391,16203,21737,2568,3248,18,210,1837,ok
20260912T053842Z,https://wewine.vn/,desktop,37,498,5803,0.007888757551878118,1573,5821,5811,2621,3067,0,101,2037,ok
20260912T053842Z,https://wewine.vn/cac-vung-ruou-vang-phap-noi-tieng-nhat/,mobile,37,2252,2627,0.543134872417983,1700,9310,19168,3177,3792,2,240,2175,ok
20260912T053842Z,https://wewine.vn/cac-vung-ruou-vang-phap-noi-tieng-nhat/,desktop,,,,,,,,,,,,,"error: HTTP 500: {
  ""error"": {
    ""code"": 500,
    ""message"": ""Lighthouse returned error: Something went wrong."",
    ""errors"": [
      {
        ""message"": ""Lighthouse returned error: Something went wrong."",
        ""domain"": ""lighthouse"",
        ""reason"": ""lighthouseError""
      }
    ]
  }
}
"
20260912T053842Z,https://wewine.vn/quoc-gia/phap/,mobile,,,,,,,,,,,,,"error: HTTP 500: {
  ""error"": {
    ""code"": 500,
    ""message"": ""Lighthouse returned error: Something went wrong."",
    ""errors"": [
      {
        ""message"": ""Lighthouse returned error: Something went wrong."",
        ""domain"": ""lighthouse"",
        ""reason"": ""lighthouseError""
      }
    ]
  }
}
"
20260912T053842Z,https://wewine.vn/quoc-gia/phap/,desktop,62,469,3061,0.032647306063721224,316,3350,3706,2850,3290,4,105,2258,ok
20260912T053842Z,https://wewine.vn/michele-chiarlo-montemareto-nizza/,mobile,40,2252,19578,0.0007713999853894982,1099,11511,21483,3177,3792,2,240,2175,ok
20260912T053842Z,https://wewine.vn/michele-chiarlo-montemareto-nizza/,desktop,,,,,,,,,,,,,"error: HTTP 500: {
  ""error"": {
    ""code"": 500,
    ""message"": ""Lighthouse returned error: Something went wrong."",
    ""errors"": [
      {
        ""message"": ""Lighthouse returned error: Something went wrong."",
        ""domain"": ""lighthouse"",
        ""reason"": ""lighthouseError""
      }
    ]
  }
}
"
